iso_code,continent,location,date,total_tests,new_tests,total_tests_per_thousand,new_tests_per_thousand,new_tests_smoothed,new_tests_smoothed_per_thousand,positive_rate,tests_per_case,tests_units,total_vaccinations,people_vaccinated,people_fully_vaccinated,total_boosters,new_vaccinations,new_vaccinations_smoothed,total_vaccinations_per_hundred,people_vaccinated_per_hundred,people_fully_vaccinated_per_hundred,total_boosters_per_hundred,new_vaccinations_smoothed_per_million,new_people_vaccinated_smoothed,new_people_vaccinated_smoothed_per_hundred,stringency_index,population_density,median_age,aged_65_older,aged_70_older,gdp_per_capita,extreme_poverty,cardiovasc_death_rate,diabetes_prevalence,female_smokers,male_smokers,handwashing_facilities,hospital_beds_per_thousand,life_expectancy,human_development_index,excess_mortality_cumulative_absolute,excess_mortality_cumulative,excess_mortality,excess_mortality_cumulative_per_million
OWID_AFR,,Africa,1/9/2021,,,,,,,,,,0,0,,,0,0,0,0,,,0,0,0,,,,,,,,,,,,,,,,,,,
OWID_AFR,,Africa,1/10/2021,,,,,,,,,,0,0,,,500,500,0,0,,,0,500,0,,,,,,,,,,,,,,,,,,,
OWID_AFR,,Africa,1/11/2021,,,,,,,,,,0,0,,,500,500,0,0,,,0,500,0,,,,,,,,,,,,,,,,,,,
OWID_AFR,,Africa,1/12/2021,,,,,,,,,,0,0,,,500,500,0,0,,,0,500,0,,,,,,,,,,,,,,,,,,,
OWID_AFR,,Africa,1/13/2021,,,,,,,,,,2000,2000,,,500,500,0,0,,,0,500,0,,,,,,,,,,,,,,,,,,,
OWID_AFR,,Africa,1/14/2021,,,,,,,,,,2000,2000,,,1000,600,0,0,,,0,600,0,,,,,,,,,,,,,,,,,,,
OWID_AFR,,Africa,1/15/2021,,,,,,,,,,4000,4000,,,1000,667,0,0,,,0,667,0,,,,,,,,,,,,,,,,,,,
OWID_AFR,,Africa,1/16/2021,,,,,,,,,,7000,7000,,,3000,1000,0,0,,,1,1000,0,,,,,,,,,,,,,,,,,,,
OWID_AFR,,Africa,1/17/2021,,,,,,,,,,7000,7000,,,1325,1118,0,0,,,1,1118,0,,,,,,,,,,,,,,,,,,,
OWID_AFR,,Africa,1/18/2021,,,,,,,,,,7000,7000,,,1325,1236,0,0,,,1,1236,0,,,,,,,,,,,,,,,,,,,
OWID_AFR,,Africa,1/19/2021,,,,,,,,,,10976,10976,,,1325,1354,0,0,,,1,1354,0,,,,,,,,,,,,,,,,,,,
OWID_AFR,,Africa,1/20/2021,,,,,,,,,,13163,13163,,,2187,1595,0,0,,,1,1595,0,,,,,,,,,,,,,,,,,,,
OWID_AFR,,Africa,1/21/2021,,,,,,,,,,13163,13163,,,1864,1718,0,0,,,1,1718,0,,,,,,,,,,,,,,,,,,,
OWID_AFR,,Africa,1/22/2021,,,,,,,,,,16890,16890,,,1864,1841,0,0,,,1,1841,0,,,,,,,,,,,,,,,,,,,
OWID_AFR,,Africa,1/23/2021,,,,,,,,,,18353,18353,,,1463,1622,0,0,,,1,1622,0,,,,,,,,,,,,,,,,,,,
OWID_AFR,,Africa,1/24/2021,,,,,,,,,,18353,18353,,,768,1542,0,0,,,1,1542,0,,,,,,,,,,,,,,,,,,,
OWID_AFR,,Africa,1/25/2021,,,,,,,,,,19889,19889,,,987,1682,0,0,,,1,1682,0,,,,,,,,,,,,,,,,,,,
OWID_AFR,,Africa,1/26/2021,,,,,,,,,,22712,22712,,,3072,1926,0,0,,,1,1926,0,,,,,,,,,,,,,,,,,,,
OWID_AFR,,Africa,1/27/2021,,,,,,,,,,25587,25587,,,3124,2024,0,0,,,1,2024,0,,,,,,,,,,,,,,,,,,,
OWID_AFR,,Africa,1/28/2021,,,,,,,,,,28779,28779,,,3441,2214,0,0,,,2,2214,0,,,,,,,,,,,,,,,,,,,
OWID_AFR,,Africa,1/29/2021,,,,,,,,,,30861,30861,,,47331,47245,0,0,,,33,2245,0,,,,,,,,,,,,,,,,,,,
OWID_AFR,,Africa,1/30/2021,,,,,,,,,,122206,32206,,,46685,47267,0.01,0,,,33,2267,0,,,,,,,,,,,,,,,,,,,
OWID_AFR,,Africa,1/31/2021,,,,,,,,,,158206,32206,,,44099,46602,0.01,0,,,33,4602,0,,,,,,,,,,,,,,,,,,,
OWID_AFR,,Africa,2/1/2021,,,,,,,,,,236712,36631,,,82180,55718,0.02,0,,,39,5698,0,,,,,,,,,,,,,,,,,,,
OWID_AFR,,Africa,2/2/2021,,,,,,,,,,295127,37836,,,65305,57648,0.02,0,,,40,6190,0,,,,,,,,,,,,,,,,,,,
OWID_AFR,,Africa,2/3/2021,,,,,,,,,,347149,38746,5,,58805,57894,0.02,0,0,,41,6493,0,,,,,,,,,,,,,,,,,,,
OWID_AFR,,Africa,2/4/2021,,,,,,,,,,390474,38746,5,,50984,56995,0.03,0,0,,40,6673,0,,,,,,,,,,,,,,,,,,,
OWID_AFR,,Africa,2/5/2021,,,,,,,,,,446986,38746,5,,64171,58945,0.03,0,0,,41,6902,0,,,,,,,,,,,,,,,,,,,
OWID_AFR,,Africa,2/6/2021,,,,,,,,,,504800,39248,1586,,63390,61320,0.04,0,0,,43,7669,0.001,,,,,,,,,,,,,,,,,,,
OWID_AFR,,Africa,2/7/2021,,,,,,,,,,504800,39248,1586,,51317,62340,0.04,0,0,,44,7505,0.001,,,,,,,,,,,,,,,,,,,
OWID_AFR,,Africa,2/8/2021,,,,,,,,,,593502,39373,3980,,51317,57920,0.04,0,0,,41,7341,0.001,,,,,,,,,,,,,,,,,,,
OWID_AFR,,Africa,2/9/2021,,,,,,,,,,661263,39382,6700,,74726,59255,0.05,0,0,,42,7171,0.001,,,,,,,,,,,,,,,,,,,
OWID_AFR,,Africa,2/10/2021,,,,,,,,,,795836,39385,10335,,141538,71063,0.06,0,0,,50,7056,0,,,,,,,,,,,,,,,,,,,
OWID_AFR,,Africa,2/11/2021,,,,,,,,,,908796,39611,13867,,119925,80912,0.06,0,0,,57,7065,0,,,,,,,,,,,,,,,,,,,
OWID_AFR,,Africa,2/12/2021,,,,,,,,,,1165581,39611,13867,,265830,109721,0.08,0,0,,77,7316,0.001,,,,,,,,,,,,,,,,,,,
OWID_AFR,,Africa,2/13/2021,,,,,,,,,,1446178,43458,14181,,285481,141448,0.1,0,0,,99,7566,0.001,,,,,,,,,,,,,,,,,,,
OWID_AFR,,Africa,2/14/2021,,,,,,,,,,1446178,43458,14181,,167375,158028,0.1,0,0,,111,7558,0.001,,,,,,,,,,,,,,,,,,,
OWID_AFR,,Africa,2/15/2021,,,,,,,,,,1766999,43467,16441,,167375,174607,0.12,0,0,,122,7550,0.001,,,,,,,,,,,,,,,,,,,
OWID_AFR,,Africa,2/16/2021,,,,,,,,,,1965819,43474,18176,,209955,197500,0.14,0,0,,138,11720,0.001,,,,,,,,,,,,,,,,,,,
OWID_AFR,,Africa,2/17/2021,,,,,,,,,,2147659,47134,19512,,190469,204864,0.15,0,0,,144,12853,0.001,,,,,,,,,,,,,,,,,,,
OWID_AFR,,Africa,2/18/2021,,,,,,,,,,2304003,50215,22925,,169325,211163,0.16,0,0,,148,13363,0.001,,,,,,,,,,,,,,,,,,,
OWID_AFR,,Africa,2/19/2021,,,,,,,,,,2514038,2487572,32990,,149640,194769,0.18,0.17,0,,137,15109,0.001,,,,,,,,,,,,,,,,,,,
OWID_AFR,,Africa,2/20/2021,,,,,,,,,,2616970,2581895,45489,,136386,172687,0.18,0.18,0,,121,108255,0.008,,,,,,,,,,,,,,,,,,,
OWID_AFR,,Africa,2/21/2021,,,,,,,,,,2623735,2588660,50463,,95674,161551,0.18,0.18,0,,113,92146,0.006,,,,,,,,,,,,,,,,,,,
OWID_AFR,,Africa,2/22/2021,,,,,,,,,,2745898,2700632,68325,,101548,151261,0.19,0.19,0,,106,89516,0.006,,,,,,,,,,,,,,,,,,,
OWID_AFR,,Africa,2/23/2021,,,,,,,,,,2854362,2799750,86927,,137376,140359,0.2,0.2,0.01,,98,97995,0.007,,,,,,,,,,,,,,,,,,,
OWID_AFR,,Africa,2/24/2021,,,,,,,,,,3151789,3091099,102499,,332462,161949,0.22,0.22,0.01,,114,145422,0.01,,,,,,,,,,,,,,,,,,,
OWID_AFR,,Africa,2/25/2021,,,,,,,,,,3435126,3367981,119792,,313844,183228,0.24,0.24,0.01,,128,174560,0.012,,,,,,,,,,,,,,,,,,,
OWID_AFR,,Africa,2/26/2021,,,,,,,,,,3677781,3557825,183604,,277597,201588,0.26,0.25,0.01,,141,184247,0.013,,,,,,,,,,,,,,,,,,,
OWID_AFR,,Africa,2/27/2021,,,,,,,,,,3866524,3681069,252758,,219343,212586,0.27,0.26,0.02,,149,187121,0.013,,,,,,,,,,,,,,,,,,,
OWID_AFR,,Africa,2/28/2021,,,,,,,,,,3874251,3688796,255982,,142718,218485,0.27,0.26,0.02,,153,188622,0.013,,,,,,,,,,,,,,,,,,,
OWID_AFR,,Africa,3/1/2021,,,,,,,,,,4092105,3834895,330257,,148405,224535,0.29,0.27,0.02,,157,190401,0.013,,,,,,,,,,,,,,,,,,,
OWID_AFR,,Africa,3/2/2021,,,,,,,,,,4253030,3934943,394124,,224248,262819,0.3,0.28,0.03,,184,221170,0.016,,,,,,,,,,,,,,,,,,,
OWID_AFR,,Africa,3/3/2021,,,,,,,,,,4424425,4039134,468861,,233986,244439,0.31,0.28,0.03,,171,194095,0.014,,,,,,,,,,,,,,,,,,,
OWID_AFR,,Africa,3/4/2021,,,,,,,,,,4570416,4132764,529681,,208948,225141,0.32,0.29,0.04,,158,168228,0.012,,,,,,,,,,,,,,,,,,,
OWID_AFR,,Africa,3/5/2021,,,,,,,,,,4808377,4283815,624742,,227944,214931,0.34,0.3,0.04,,151,153079,0.011,,,,,,,,,,,,,,,,,,,
OWID_AFR,,Africa,3/6/2021,,,,,,,,,,5013434,4409872,705135,,263868,216781,0.35,0.31,0.05,,152,152929,0.011,,,,,,,,,,,,,,,,,,,
OWID_AFR,,Africa,3/7/2021,,,,,,,,,,5054444,4450882,705135,,162402,215080,0.35,0.31,0.05,,151,151112,0.011,,,,,,,,,,,,,,,,,,,
OWID_AFR,,Africa,3/8/2021,,,,,,,,,,5402720,4724802,779759,,144365,216626,0.38,0.33,0.05,,152,152542,0.011,,,,,,,,,,,,,,,,,,,
OWID_AFR,,Africa,3/9/2021,,,,,,,,,,5543143,4799463,850734,,232747,216535,0.39,0.34,0.06,,152,151756,0.011,,,,,,,,,,,,,,,,,,,
OWID_AFR,,Africa,3/10/2021,,,,,,,,,,5883345,5002177,1010055,,331748,232484,0.41,0.35,0.07,,163,157662,0.011,,,,,,,,,,,,,,,,,,,
OWID_AFR,,Africa,3/11/2021,,,,,,,,,,6071753,5072638,1137129,,274067,241354,0.43,0.36,0.08,,169,157162,0.011,,,,,,,,,,,,,,,,,,,
OWID_AFR,,Africa,3/12/2021,,,,,,,,,,6381772,5129777,1397210,,395014,263332,0.45,0.36,0.1,,185,155485,0.011,,,,,,,,,,,,,,,,,,,
OWID_AFR,,Africa,3/13/2021,,,,,,,,,,6785420,5286646,1644318,,379900,278641,0.48,0.37,0.12,,195,146881,0.01,,,,,,,,,,,,,,,,,,,
OWID_AFR,,Africa,3/14/2021,,,,,,,,,,6801943,5303169,1644318,,224940,285821,0.48,0.37,0.12,,200,138164,0.01,,,,,,,,,,,,,,,,,,,
OWID_AFR,,Africa,3/15/2021,,,,,,,,,,7194978,5400064,1942667,,278754,304812,0.5,0.38,0.14,,214,141258,0.01,,,,,,,,,,,,,,,,,,,
OWID_AFR,,Africa,3/16/2021,,,,,,,,,,7430457,5441219,2146524,,319415,316635,0.52,0.38,0.15,,222,134840,0.009,,,,,,,,,,,,,,,,,,,
OWID_AFR,,Africa,3/17/2021,,,,,,,,,,7632156,5487833,2312736,,276357,308517,0.53,0.38,0.16,,216,124050,0.009,,,,,,,,,,,,,,,,,,,
OWID_AFR,,Africa,3/18/2021,,,,,,,,,,7819596,5675022,2321849,,242601,306759,0.55,0.4,0.16,,215,122253,0.009,,,,,,,,,,,,,,,,,,,
OWID_AFR,,Africa,3/19/2021,,,,,,,,,,8102429,5746851,2563824,,248448,286121,0.57,0.4,0.18,,201,120772,0.008,,,,,,,,,,,,,,,,,,,
OWID_AFR,,Africa,3/20/2021,,,,,,,,,,8194788,5768178,2634856,,196667,258837,0.57,0.4,0.18,,181,120731,0.008,,,,,,,,,,,,,,,,,,,
OWID_AFR,,Africa,3/21/2021,,,,,,,,,,8216336,5789726,2634856,,163217,248970,0.58,0.41,0.18,,175,125225,0.009,,,,,,,,,,,,,,,,,,,
OWID_AFR,,Africa,3/22/2021,,,,,,,,,,8338577,5818325,2728498,,162934,231329,0.58,0.41,0.19,,162,121907,0.009,,,,,,,,,,,,,,,,,,,
OWID_AFR,,Africa,3/23/2021,,,,,,,,,,8484800,5892540,2820695,,216929,216241,0.59,0.41,0.2,,152,123336,0.009,,,,,,,,,,,,,,,,,,,
OWID_AFR,,Africa,3/24/2021,,,,,,,,,,9420911,6573493,3089404,,450141,240212,0.66,0.46,0.22,,168,133051,0.009,,,,,,,,,,,,,,,,,,,
OWID_AFR,,Africa,3/25/2021,,,,,,,,,,9709302,6633967,3329642,,419076,265363,0.68,0.46,0.23,,186,142393,0.01,,,,,,,,,,,,,,,,,,,
OWID_AFR,,Africa,3/26/2021,,,,,,,,,,9977830,6739396,3503614,,365017,283399,0.7,0.47,0.25,,199,153915,0.011,,,,,,,,,,,,,,,,,,,
OWID_AFR,,Africa,3/27/2021,,,,,,,,,,10303667,6963287,3606163,,291001,296831,0.72,0.49,0.25,,208,162890,0.011,,,,,,,,,,,,,,,,,,,
OWID_AFR,,Africa,3/28/2021,,,,,,,,,,10562516,7219473,3608826,,244177,308129,0.74,0.51,0.25,,216,171626,0.012,,,,,,,,,,,,,,,,,,,
OWID_AFR,,Africa,3/29/2021,,,,,,,,,,10775431,7306239,3743035,,256020,321220,0.76,0.51,0.26,,225,182397,0.013,,,,,,,,,,,,,,,,,,,
OWID_AFR,,Africa,3/30/2021,,,,,,,,,,10972216,7387591,3870510,,337857,338221,0.77,0.52,0.27,,237,194388,0.014,,,,,,,,,,,,,,,,,,,
OWID_AFR,,Africa,3/31/2021,,,,,,,,,,11476248,7745077,3995049,,338075,325014,0.8,0.54,0.28,,228,201832,0.014,,,,,,,,,,,,,,,,,,,
OWID_AFR,,Africa,4/1/2021,,,,,,,,,,11729825,7901390,4097537,,356491,317673,0.82,0.55,0.29,,223,210350,0.015,,,,,,,,,,,,,,,,,,,
OWID_AFR,,Africa,4/2/2021,,,,,,,,,,11883589,7978373,4174318,,258211,301462,0.83,0.56,0.29,,211,206274,0.014,,,,,,,,,,,,,,,,,,,
OWID_AFR,,Africa,4/3/2021,,,,,,,,,,12018828,8061917,4226013,,236713,293039,0.84,0.57,0.3,,205,204831,0.014,,,,,,,,,,,,,,,,,,,
OWID_AFR,,Africa,4/4/2021,,,,,,,,,,12082780,8132039,4226289,,211546,287474,0.85,0.57,0.3,,201,203994,0.014,,,,,,,,,,,,,,,,,,,
OWID_AFR,,Africa,4/5/2021,,,,,,,,,,12236282,8227187,4285890,,209616,279834,0.86,0.58,0.3,,196,200799,0.014,,,,,,,,,,,,,,,,,,,
OWID_AFR,,Africa,4/6/2021,,,,,,,,,,12575036,8521870,4333474,,277641,270236,0.88,0.6,0.3,,189,200697,0.014,,,,,,,,,,,,,,,,,,,
OWID_AFR,,Africa,4/7/2021,,,,,,,,,,12960258,8839889,4399278,,288317,262716,0.91,0.62,0.31,,184,201521,0.014,,,,,,,,,,,,,,,,,,,
OWID_AFR,,Africa,4/8/2021,,,,,,,,,,13685750,9528531,4443032,,346379,261256,0.96,0.67,0.31,,183,208139,0.015,,,,,,,,,,,,,,,,,,,
OWID_AFR,,Africa,4/9/2021,,,,,,,,,,13840825,9655739,4477593,,284251,292457,0.97,0.68,0.31,,205,246105,0.017,,,,,,,,,,,,,,,,,,,
OWID_AFR,,Africa,4/10/2021,,,,,,,,,,14000751,9777098,4516916,,280388,294100,0.98,0.69,0.32,,206,249825,0.018,,,,,,,,,,,,,,,,,,,
OWID_AFR,,Africa,4/11/2021,,,,,,,,,,14150137,9912181,4531219,,227666,291807,0.99,0.69,0.32,,205,249520,0.017,,,,,,,,,,,,,,,,,,,
OWID_AFR,,Africa,4/12/2021,,,,,,,,,,14259556,10023098,4533119,,247342,292945,1,0.7,0.32,,205,254212,0.018,,,,,,,,,,,,,,,,,,,
OWID_AFR,,Africa,4/13/2021,,,,,,,,,,14372773,10125649,4546621,,253145,284888,1.01,0.71,0.32,,200,251445,0.018,,,,,,,,,,,,,,,,,,,
OWID_AFR,,Africa,4/14/2021,,,,,,,,,,14720408,10461361,4558759,,287738,280168,1.03,0.73,0.32,,196,251587,0.018,,,,,,,,,,,,,,,,,,,
OWID_AFR,,Africa,4/15/2021,,,,,,,,,,14863081,10566041,4589663,,273201,265885,1.04,0.74,0.32,,186,240871,0.017,,,,,,,,,,,,,,,,,,,
OWID_AFR,,Africa,4/16/2021,,,,,,,,,,15071502,10763273,4600852,,294537,267243,1.06,0.75,0.32,,187,244121,0.017,,,,,,,,,,,,,,,,,,,
OWID_AFR,,Africa,4/17/2021,,,,,,,,,,15369995,11054635,4607983,,284750,267653,1.08,0.77,0.32,,188,247710,0.017,,,,,,,,,,,,,,,,,,,
OWID_AFR,,Africa,4/18/2021,,,,,,,,,,15940217,11602017,4630823,,218147,270563,1.12,0.81,0.32,,190,251287,0.018,,,,,,,,,,,,,,,,,,,
OWID_AFR,,Africa,4/19/2021,,,,,,,,,,16153571,11797570,4648624,,223784,266512,1.13,0.83,0.33,,187,244684,0.017,,,,,,,,,,,,,,,,,,,
OWID_AFR,,Africa,4/20/2021,,,,,,,,,,16319878,11948593,4663908,,242223,264002,1.14,0.84,0.33,,185,239478,0.017,,,,,,,,,,,,,,,,,,,
OWID_AFR,,Africa,4/21/2021,,,,,,,,,,16544360,12156917,4680066,,265584,259851,1.16,0.85,0.33,,182,233527,0.016,,,,,,,,,,,,,,,,,,,
OWID_AFR,,Africa,4/22/2021,,,,,,,,,,16629919,12230662,4691880,,230607,254219,1.17,0.86,0.33,,178,226328,0.016,,,,,,,,,,,,,,,,,,,
OWID_AFR,,Africa,4/23/2021,,,,,,,,,,16816072,12396061,4712634,,228437,243782,1.18,0.87,0.33,,171,214094,0.015,,,,,,,,,,,,,,,,,,,
OWID_AFR,,Africa,4/24/2021,,,,,,,,,,16889560,12454391,4727792,,217052,233119,1.18,0.87,0.33,,163,201214,0.014,,,,,,,,,,,,,,,,,,,
OWID_AFR,,Africa,4/25/2021,,,,,,,,,,16968624,12520417,4740830,,207258,231325,1.19,0.88,0.33,,162,197267,0.014,,,,,,,,,,,,,,,,,,,
OWID_AFR,,Africa,4/26/2021,,,,,,,,,,17067708,12604522,4755809,,216142,230025,1.2,0.88,0.33,,161,195442,0.014,,,,,,,,,,,,,,,,,,,
OWID_AFR,,Africa,4/27/2021,,,,,,,,,,17236944,12746364,4783203,,319881,240915,1.21,0.89,0.34,,169,203891,0.014,,,,,,,,,,,,,,,,,,,
OWID_AFR,,Africa,4/28/2021,,,,,,,,,,18296567,13765816,4828904,,422552,263135,1.28,0.96,0.34,,184,222823,0.016,,,,,,,,,,,,,,,,,,,
OWID_AFR,,Africa,4/29/2021,,,,,,,,,,18412478,13863896,4856173,,268837,268593,1.29,0.97,0.34,,188,225913,0.016,,,,,,,,,,,,,,,,,,,
OWID_AFR,,Africa,4/30/2021,,,,,,,,,,18553633,13988174,4883115,,224178,267984,1.3,0.98,0.34,,188,225291,0.016,,,,,,,,,,,,,,,,,,,
OWID_AFR,,Africa,5/1/2021,,,,,,,,,,18680562,14102882,4896350,,206185,266432,1.31,0.99,0.34,,187,224355,0.016,,,,,,,,,,,,,,,,,,,
OWID_AFR,,Africa,5/2/2021,,,,,,,,,,18737253,14151042,4904881,,207571,266478,1.31,0.99,0.34,,187,221833,0.016,,,,,,,,,,,,,,,,,,,
OWID_AFR,,Africa,5/3/2021,,,,,,,,,,18912400,14294356,4947142,,248962,271166,1.33,1,0.35,,190,224175,0.016,,,,,,,,,,,,,,,,,,,
OWID_AFR,,Africa,5/4/2021,,,,,,,,,,19208526,14534058,5027649,,415277,284796,1.35,1.02,0.35,,200,232430,0.016,,,,,,,,,,,,,,,,,,,
OWID_AFR,,Africa,5/5/2021,,,,,,,,,,19465156,14750879,5082069,,362292,276189,1.36,1.03,0.36,,194,222439,0.016,,,,,,,,,,,,,,,,,,,
OWID_AFR,,Africa,5/6/2021,,,,,,,,,,19624727,14884555,5107964,,325177,284153,1.38,1.04,0.36,,199,228161,0.016,,,,,,,,,,,,,,,,,,,
OWID_AFR,,Africa,5/7/2021,,,,,,,,,,20217766,15433664,5166964,,650779,345109,1.42,1.08,0.36,,242,284718,0.02,,,,,,,,,,,,,,,,,,,
OWID_AFR,,Africa,5/8/2021,,,,,,,,,,20470293,15587001,5265772,,311412,360157,1.43,1.09,0.37,,252,293255,0.021,,,,,,,,,,,,,,,,,,,
OWID_AFR,,Africa,5/9/2021,,,,,,,,,,21199764,16063512,5518732,,343944,379652,1.49,1.13,0.39,,266,312187,0.022,,,,,,,,,,,,,,,,,,,
OWID_AFR,,Africa,5/10/2021,,,,,,,,,,21661168,16498947,5557451,,345354,393436,1.52,1.16,0.39,,276,327460,0.023,,,,,,,,,,,,,,,,,,,
OWID_AFR,,Africa,5/11/2021,,,,,,,,,,22093409,16908217,5599564,,470660,401362,1.55,1.19,0.39,,281,341899,0.024,,,,,,,,,,,,,,,,,,,
OWID_AFR,,Africa,5/12/2021,,,,,,,,,,23173673,17830589,5773814,,401217,406939,1.62,1.25,0.4,,285,347633,0.024,,,,,,,,,,,,,,,,,,,
OWID_AFR,,Africa,5/13/2021,,,,,,,,,,23349102,17994421,5809850,,284891,404600,1.64,1.26,0.41,,284,346142,0.024,,,,,,,,,,,,,,,,,,,
OWID_AFR,,Africa,5/14/2021,,,,,,,,,,23545212,18156406,5863124,,274146,350222,1.65,1.27,0.41,,245,291619,0.02,,,,,,,,,,,,,,,,,,,
OWID_AFR,,Africa,5/15/2021,,,,,,,,,,23859298,18397250,5940500,,456098,370322,1.67,1.29,0.42,,260,307164,0.022,,,,,,,,,,,,,,,,,,,
OWID_AFR,,Africa,5/16/2021,,,,,,,,,,23952426,18481006,5950153,,408324,378950,1.68,1.3,0.42,,266,312418,0.022,,,,,,,,,,,,,,,,,,,
OWID_AFR,,Africa,5/17/2021,,,,,,,,,,24419391,18880692,6017432,,434800,391159,1.71,1.32,0.42,,274,318077,0.022,,,,,,,,,,,,,,,,,,,
OWID_AFR,,Africa,5/18/2021,,,,,,,,,,25194293,19509041,6165017,,654070,416792,1.77,1.37,0.43,,292,334262,0.023,,,,,,,,,,,,,,,,,,,
OWID_AFR,,Africa,5/19/2021,,,,,,,,,,25785942,19970431,6295276,,732993,463617,1.81,1.4,0.44,,325,363584,0.025,,,,,,,,,,,,,,,,,,,
OWID_AFR,,Africa,5/20/2021,,,,,,,,,,26225226,20334856,6370135,,666409,518121,1.84,1.43,0.45,,363,403400,0.028,,,,,,,,,,,,,,,,,,,
OWID_AFR,,Africa,5/21/2021,,,,,,,,,,27003443,20849019,6634192,,653142,572262,1.89,1.46,0.46,,401,444510,0.031,,,,,,,,,,,,,,,,,,,
OWID_AFR,,Africa,5/22/2021,,,,,,,,,,27828521,21569557,6738732,,471065,574398,1.95,1.51,0.47,,403,450339,0.032,,,,,,,,,,,,,,,,,,,
OWID_AFR,,Africa,5/23/2021,,,,,,,,,,28053599,21770774,6762593,,431781,577751,1.97,1.53,0.47,,405,452552,0.032,,,,,,,,,,,,,,,,,,,
OWID_AFR,,Africa,5/24/2021,,,,,,,,,,28573801,22217011,6836558,,482096,584507,2,1.56,0.48,,410,457435,0.032,,,,,,,,,,,,,,,,,,,
OWID_AFR,,Africa,5/25/2021,,,,,,,,,,29272846,22769168,6983446,,854527,613143,2.05,1.6,0.49,,430,466614,0.033,,,,,,,,,,,,,,,,,,,
OWID_AFR,,Africa,5/26/2021,,,,,,,,,,29659348,23002547,7112926,,624137,597591,2.08,1.61,0.5,,419,448165,0.031,,,,,,,,,,,,,,,,,,,
OWID_AFR,,Africa,5/27/2021,,,,,,,,,,29882000,23189766,7136486,,644842,594508,2.09,1.63,0.5,,417,438972,0.031,,,,,,,,,,,,,,,,,,,
OWID_AFR,,Africa,5/28/2021,,,,,,,,,,30063329,23332951,7174630,,604704,587591,2.11,1.64,0.5,,412,424652,0.03,,,,,,,,,,,,,,,,,,,
OWID_AFR,,Africa,5/29/2021,,,,,,,,,,30663011,23858761,7229614,,523922,595143,2.15,1.67,0.51,,417,413998,0.029,,,,,,,,,,,,,,,,,,,
OWID_AFR,,Africa,5/30/2021,,,,,,,,,,30985815,24062769,7296977,,498996,604747,2.17,1.69,0.51,,424,399700,0.028,,,,,,,,,,,,,,,,,,,
OWID_AFR,,Africa,5/31/2021,,,,,,,,,,33013477,24926439,8432047,,551755,614697,2.31,1.75,0.59,,431,392130,0.027,,,,,,,,,,,,,,,,,,,
OWID_AFR,,Africa,6/1/2021,,,,,,,,,,33811824,25482397,8669747,,617777,580875,2.37,1.79,0.61,,407,355597,0.025,,,,,,,,,,,,,,,,,,,
OWID_AFR,,Africa,6/2/2021,,,,,,,,,,34313737,25770563,8853952,,625440,581057,2.41,1.81,0.62,,407,347837,0.024,,,,,,,,,,,,,,,,,,,
OWID_AFR,,Africa,6/3/2021,,,,,,,,,,34777443,26112569,8974842,,702205,590077,2.44,1.83,0.63,,414,351053,0.025,,,,,,,,,,,,,,,,,,,
OWID_AFR,,Africa,6/4/2021,,,,,,,,,,35024406,26232053,9103131,,441370,566606,2.45,1.84,0.64,,397,332544,0.023,,,,,,,,,,,,,,,,,,,
OWID_AFR,,Africa,6/5/2021,,,,,,,,,,35258269,26347761,9179236,,362064,543351,2.47,1.85,0.64,,381,316662,0.022,,,,,,,,,,,,,,,,,,,
OWID_AFR,,Africa,6/6/2021,,,,,,,,,,35499875,26396544,9372059,,469933,539062,2.49,1.85,0.66,,378,312872,0.022,,,,,,,,,,,,,,,,,,,
OWID_AFR,,Africa,6/7/2021,,,,,,,,,,36082955,26676319,9675364,,541923,537521,2.53,1.87,0.68,,377,307711,0.022,,,,,,,,,,,,,,,,,,,
OWID_AFR,,Africa,6/8/2021,,,,,,,,,,37188892,27215521,10230768,,828274,567452,2.61,1.91,0.72,,398,315453,0.022,,,,,,,,,,,,,,,,,,,
OWID_AFR,,Africa,6/9/2021,,,,,,,,,,38220307,27820572,10657132,,714785,580077,2.68,1.95,0.75,,407,309525,0.022,,,,,,,,,,,,,,,,,,,
OWID_AFR,,Africa,6/10/2021,,,,,,,,,,38836032,28077162,11002402,,641170,571357,2.72,1.97,0.77,,400,284584,0.02,,,,,,,,,,,,,,,,,,,
OWID_AFR,,Africa,6/11/2021,,,,,,,,,,39209078,28231006,11221604,,598307,594018,2.75,1.98,0.79,,416,286202,0.02,,,,,,,,,,,,,,,,,,,
OWID_AFR,,Africa,6/12/2021,,,,,,,,,,39520074,28413979,11341272,,357924,593389,2.77,1.99,0.79,,416,283645,0.02,,,,,,,,,,,,,,,,,,,
OWID_AFR,,Africa,6/13/2021,,,,,,,,,,39608060,28458376,11367224,,492597,596588,2.78,1.99,0.8,,418,282398,0.02,,,,,,,,,,,,,,,,,,,
OWID_AFR,,Africa,6/14/2021,,,,,,,,,,40472051,28860050,11826935,,552425,598047,2.84,2.02,0.83,,419,282250,0.02,,,,,,,,,,,,,,,,,,,
OWID_AFR,,Africa,6/15/2021,,,,,,,,,,41466546,29125535,12539755,,606087,566265,2.91,2.04,0.88,,397,265099,0.019,,,,,,,,,,,,,,,,,,,
OWID_AFR,,Africa,6/16/2021,,,,,,,,,,41795578,29244880,12739901,,473542,531760,2.93,2.05,0.89,,373,248202,0.017,,,,,,,,,,,,,,,,,,,
OWID_AFR,,Africa,6/17/2021,,,,,,,,,,42179059,29389014,12979248,,612002,527557,2.96,2.06,0.91,,370,251835,0.018,,,,,,,,,,,,,,,,,,,
OWID_AFR,,Africa,6/18/2021,,,,,,,,,,42520531,29506176,13203558,,556967,521648,2.98,2.07,0.93,,366,253406,0.018,,,,,,,,,,,,,,,,,,,
OWID_AFR,,Africa,6/19/2021,,,,,,,,,,42651690,29541101,13290305,,368189,523113,2.99,2.07,0.93,,367,256525,0.018,,,,,,,,,,,,,,,,,,,
OWID_AFR,,Africa,6/20/2021,,,,,,,,,,43315836,30098810,13396618,,601697,538700,3.04,2.11,0.94,,378,275593,0.019,,,,,,,,,,,,,,,,,,,
OWID_AFR,,Africa,6/21/2021,,,,,,,,,,44038203,30444446,13773349,,614388,547553,3.09,2.13,0.97,,384,283791,0.02,,,,,,,,,,,,,,,,,,,
OWID_AFR,,Africa,6/22/2021,,,,,,,,,,44160883,30509159,13823958,,551744,539790,3.1,2.14,0.97,,378,296808,0.021,,,,,,,,,,,,,,,,,,,
OWID_AFR,,Africa,6/23/2021,,,,,,,,,,44801997,30909025,14022864,,530569,547936,3.14,2.17,0.98,,384,319295,0.022,,,,,,,,,,,,,,,,,,,
OWID_AFR,,Africa,6/24/2021,,,,,,,,,,46139681,31702143,14566440,,566475,541432,3.23,2.22,1.02,,379,322795,0.023,,,,,,,,,,,,,,,,,,,
OWID_AFR,,Africa,6/25/2021,,,,,,,,,,46505062,31895057,14738907,,582954,545146,3.26,2.24,1.03,,382,327342,0.023,,,,,,,,,,,,,,,,,,,
OWID_AFR,,Africa,6/26/2021,,,,,,,,,,46700046,31954274,14863481,,366834,544953,3.27,2.24,1.04,,382,324564,0.023,,,,,,,,,,,,,,,,,,,
OWID_AFR,,Africa,6/27/2021,,,,,,,,,,46983983,32145559,14955922,,479107,527440,3.29,2.25,1.05,,370,316956,0.022,,,,,,,,,,,,,,,,,,,
OWID_AFR,,Africa,6/28/2021,,,,,,,,,,47874526,32594093,15364225,,401239,496989,3.36,2.28,1.08,,348,296462,0.021,,,,,,,,,,,,,,,,,,,
OWID_AFR,,Africa,6/29/2021,,,,,,,,,,48142113,32770029,15450256,,560536,498247,3.37,2.3,1.08,,349,286776,0.02,,,,,,,,,,,,,,,,,,,
OWID_AFR,,Africa,6/30/2021,,,,,,,,,,48664662,33058603,15683683,,612623,509971,3.41,2.32,1.1,,357,281925,0.02,,,,,,,,,,,,,,,,,,,
OWID_AFR,,Africa,7/1/2021,,,,,,,,,,49084712,33270436,15762643,,553028,508052,3.44,2.33,1.1,,356,280467,0.02,,,,,,,,,,,,,,,,,,,
OWID_AFR,,Africa,7/2/2021,,,,,,,,,,49245678,33359665,15829509,,437729,487302,3.45,2.34,1.11,,342,274300,0.019,,,,,,,,,,,,,,,,,,,
OWID_AFR,,Africa,7/3/2021,,,,,,,,,,49524849,33567397,15864814,,375032,488470,3.47,2.35,1.11,,342,281895,0.02,,,,,,,,,,,,,,,,,,,
OWID_AFR,,Africa,7/4/2021,,,,,,,,,,49901604,33734678,16043230,,410878,478722,3.5,2.36,1.12,,336,271483,0.019,,,,,,,,,,,,,,,,,,,
OWID_AFR,,Africa,7/5/2021,,,,,,,,,,50939231,34324823,16473540,,490615,491491,3.57,2.41,1.15,,344,291280,0.02,,,,,,,,,,,,,,,,,,,
OWID_AFR,,Africa,7/6/2021,,,,,,,,,,51379966,34636399,16587472,,462429,477476,3.6,2.43,1.16,,335,294632,0.021,,,,,,,,,,,,,,,,,,,
OWID_AFR,,Africa,7/7/2021,,,,,,,,,,51641882,34816728,16687675,,557713,469628,3.62,2.44,1.17,,329,283391,0.02,,,,,,,,,,,,,,,,,,,
OWID_AFR,,Africa,7/8/2021,,,,,,,,,,52257385,34989881,17525832,,537232,467376,3.66,2.45,1.23,,328,270072,0.019,,,,,,,,,,,,,,,,,,,
OWID_AFR,,Africa,7/9/2021,,,,,,,,,,52552375,35193060,17639747,,560889,484970,3.68,2.47,1.24,,340,274198,0.019,,,,,,,,,,,,,,,,,,,
OWID_AFR,,Africa,7/10/2021,,,,,,,,,,52672280,35272659,17666560,,364388,483451,3.69,2.47,1.24,,339,264819,0.019,,,,,,,,,,,,,,,,,,,
OWID_AFR,,Africa,7/11/2021,,,,,,,,,,52770553,35345253,17692239,,408337,483086,3.7,2.48,1.24,,339,259931,0.018,,,,,,,,,,,,,,,,,,,
OWID_AFR,,Africa,7/12/2021,,,,,,,,,,54370724,36055504,18558618,,718810,515686,3.81,2.53,1.3,,361,265904,0.019,,,,,,,,,,,,,,,,,,,
OWID_AFR,,Africa,7/13/2021,,,,,,,,,,54935857,36429856,18779230,,722492,552839,3.85,2.55,1.32,,387,281475,0.02,,,,,,,,,,,,,,,,,,,
OWID_AFR,,Africa,7/14/2021,,,,,,,,,,55237342,36599976,18910595,,778768,584417,3.87,2.57,1.33,,410,315541,0.022,,,,,,,,,,,,,,,,,,,
OWID_AFR,,Africa,7/15/2021,,,,,,,,,,56501839,37443435,19327655,,1066776,660068,3.96,2.62,1.35,,463,383596,0.027,,,,,,,,,,,,,,,,,,,
OWID_AFR,,Africa,7/16/2021,,,,,,,,,,56615826,37519051,19366026,,316408,625139,3.97,2.63,1.36,,438,367479,0.026,,,,,,,,,,,,,,,,,,,
OWID_AFR,,Africa,7/17/2021,,,,,,,,,,56798284,37647144,19420392,,313128,617820,3.98,2.64,1.36,,433,369759,0.026,,,,,,,,,,,,,,,,,,,
OWID_AFR,,Africa,7/18/2021,,,,,,,,,,57064944,37822779,19509647,,261409,596825,4,2.65,1.37,,418,365278,0.026,,,,,,,,,,,,,,,,,,,
OWID_AFR,,Africa,7/19/2021,,,,,,,,,,58370967,38559285,20108219,,743016,600288,4.09,2.7,1.41,,421,381338,0.027,,,,,,,,,,,,,,,,,,,
OWID_AFR,,Africa,7/20/2021,,,,,,,,,,58726324,38814424,20231707,,564460,577708,4.12,2.72,1.42,,405,371477,0.026,,,,,,,,,,,,,,,,,,,
OWID_AFR,,Africa,7/21/2021,,,,,,,,,,58813194,38880894,20246776,,680305,563646,4.12,2.73,1.42,,395,367054,0.026,,,,,,,,,,,,,,,,,,,
OWID_AFR,,Africa,7/22/2021,,,,,,,,,,59876939,39637542,20693299,,713791,513218,4.2,2.78,1.45,,360,333139,0.023,,,,,,,,,,,,,,,,,,,
OWID_AFR,,Africa,7/23/2021,,,,,,,,,,60247707,39917571,20841487,,542756,545552,4.22,2.8,1.46,,382,358127,0.025,,,,,,,,,,,,,,,,,,,
OWID_AFR,,Africa,7/24/2021,,,,,,,,,,60494809,40074282,20934143,,294622,542909,4.24,2.81,1.47,,381,359348,0.025,,,,,,,,,,,,,,,,,,,
OWID_AFR,,Africa,7/25/2021,,,,,,,,,,61184510,40442622,21281011,,322722,551667,4.29,2.83,1.49,,387,368304,0.026,,,,,,,,,,,,,,,,,,,
OWID_AFR,,Africa,7/26/2021,,,,,,,,,,62052214,40865863,21482032,,903333,574570,4.35,2.86,1.51,,403,387308,0.027,,,,,,,,,,,,,,,,,,,
OWID_AFR,,Africa,7/27/2021,,,,,,,,,,62978566,41740008,21875666,,1076962,647781,4.41,2.93,1.53,,454,449992,0.032,,,,,,,,,,,,,,,,,,,
OWID_AFR,,Africa,7/28/2021,,,,,,,,,,63729228,42306987,22035180,,1152581,715252,4.47,2.97,1.54,,501,508319,0.036,,,,,,,,,,,,,,,,,,,
OWID_AFR,,Africa,7/29/2021,,,,,,,,,,64816684,43143301,22487338,,1147327,777189,4.54,3.02,1.58,,545,561183,0.039,,,,,,,,,,,,,,,,,,,
OWID_AFR,,Africa,7/30/2021,,,,,,,,,,65259221,43436826,22627623,,665770,794759,4.57,3.04,1.59,,557,573547,0.04,,,,,,,,,,,,,,,,,,,
OWID_AFR,,Africa,7/31/2021,,,,,,,,,,65426371,43565968,22665631,,502558,824466,4.59,3.05,1.59,,578,593989,0.042,,,,,,,,,,,,,,,,,,,
OWID_AFR,,Africa,8/1/2021,,,,,,,,,,66006115,43725542,22833346,,424121,838949,4.63,3.06,1.6,,588,603198,0.042,,,,,,,,,,,,,,,,,,,
OWID_AFR,,Africa,8/2/2021,,,,,,,,,,66841904,44396494,23160177,,728696,814002,4.68,3.11,1.62,,571,588195,0.041,,,,,,,,,,,,,,,,,,,
OWID_AFR,,Africa,8/3/2021,,,,,,,,,,69024922,45907067,23939509,,1794089,916450,4.84,3.22,1.68,,642,644914,0.045,,,,,,,,,,,,,,,,,,,
OWID_AFR,,Africa,8/4/2021,,,,,,,,,,69456317,46198560,23959510,,846319,872695,4.87,3.24,1.68,,612,602257,0.042,,,,,,,,,,,,,,,,,,,
OWID_AFR,,Africa,8/5/2021,,,,,,,,,,70451773,46785160,24409646,,817352,825559,4.94,3.28,1.71,,579,559720,0.039,,,,,,,,,,,,,,,,,,,
OWID_AFR,,Africa,8/6/2021,,,,,,,,,,70846290,47010859,24578464,,882038,856456,4.97,3.29,1.72,,600,578274,0.041,,,,,,,,,,,,,,,,,,,
OWID_AFR,,Africa,8/7/2021,,,,,,,,,,71238941,47272050,25102295,,656428,878436,4.99,3.31,1.76,,616,596509,0.042,,,,,,,,,,,,,,,,,,,
OWID_AFR,,Africa,8/8/2021,,,,,,,,,,71949743,47853640,25485480,,604332,904178,5.04,3.35,1.79,,634,622781,0.044,,,,,,,,,,,,,,,,,,,
OWID_AFR,,Africa,8/9/2021,,,,,,,,,,73792274,49221904,25966877,,1075179,965773,5.17,3.45,1.82,,677,668027,0.047,,,,,,,,,,,,,,,,,,,
OWID_AFR,,Africa,8/10/2021,,,,,,,,,,74400094,49587594,26304491,,696751,806996,5.21,3.48,1.84,,566,563788,0.04,,,,,,,,,,,,,,,,,,,
OWID_AFR,,Africa,8/11/2021,,,,,,,,,,74965873,49971920,26481864,,1194161,854668,5.25,3.5,1.86,,599,602181,0.042,,,,,,,,,,,,,,,,,,,
OWID_AFR,,Africa,8/12/2021,,,,,,,,,,76527694,51008984,27109426,,1308667,922843,5.36,3.58,1.9,,647,653506,0.046,,,,,,,,,,,,,,,,,,,
OWID_AFR,,Africa,8/13/2021,,,,,,,,,,77485554,51827012,27295001,,898132,923126,5.43,3.63,1.91,,647,659445,0.046,,,,,,,,,,,,,,,,,,,
OWID_AFR,,Africa,8/14/2021,,,,,,,,,,77742841,52019730,27403177,,637604,918422,5.45,3.65,1.92,,644,652781,0.046,,,,,,,,,,,,,,,,,,,
OWID_AFR,,Africa,8/15/2021,,,,,,,,,,78071154,52243025,27577376,,853543,952008,5.47,3.66,1.93,,667,678290,0.048,,,,,,,,,,,,,,,,,,,
OWID_AFR,,Africa,8/16/2021,,,,,,,,,,80687066,53970906,28638137,,1392166,997289,5.66,3.78,2.01,,699,699712,0.049,,,,,,,,,,,,,,,,,,,
OWID_AFR,,Africa,8/17/2021,,,,,,,,,,81491040,54328536,29089148,,1596908,1125883,5.71,3.81,2.04,,789,746272,0.052,,,,,,,,,,,,,,,,,,,
OWID_AFR,,Africa,8/18/2021,,,,,,,,,,82876613,55077531,29892570,,1553153,1177170,5.81,3.86,2.1,,825,737217,0.052,,,,,,,,,,,,,,,,,,,
OWID_AFR,,Africa,8/19/2021,,,,,,,,,,84588280,55928499,30812305,,1589715,1217317,5.93,3.92,2.16,,853,722598,0.051,,,,,,,,,,,,,,,,,,,
OWID_AFR,,Africa,8/20/2021,,,,,,,,,,89933895,60148898,32201580,,1178241,1257336,6.3,4.22,2.26,,881,731338,0.051,,,,,,,,,,,,,,,,,,,
OWID_AFR,,Africa,8/21/2021,,,,,,,,,,90333264,60301362,32315419,,1187032,1335827,6.33,4.23,2.26,,936,756386,0.053,,,,,,,,,,,,,,,,,,,
OWID_AFR,,Africa,8/22/2021,,,,,,,,,,90994632,60539852,32543838,,925072,1346043,6.38,4.24,2.28,,943,737028,0.052,,,,,,,,,,,,,,,,,,,
OWID_AFR,,Africa,8/23/2021,,,,,,,,,,92120604,61236899,33167006,,1675298,1386487,6.46,4.29,2.32,,972,742257,0.052,,,,,,,,,,,,,,,,,,,
OWID_AFR,,Africa,8/24/2021,,,,,,,,,,93218220,61801871,33738797,,1859813,1424049,6.53,4.33,2.36,,998,770493,0.054,,,,,,,,,,,,,,,,,,,
OWID_AFR,,Africa,8/25/2021,,,,,,,,,,96254650,63944392,34825490,,1720743,1447987,6.75,4.48,2.44,,1015,800878,0.056,,,,,,,,,,,,,,,,,,,
OWID_AFR,,Africa,8/26/2021,,,,,,,,,,96388593,64150537,34851662,,1791416,1476806,6.76,4.5,2.44,,1035,829511,0.058,,,,,,,,,,,,,,,,,,,
OWID_AFR,,Africa,8/27/2021,,,,,,,,,,99538228,65929460,36356569,,1814658,1567715,6.98,4.62,2.55,,1099,873067,0.061,,,,,,,,,,,,,,,,,,,
OWID_AFR,,Africa,8/28/2021,,,,,,,,,,100211304,66379848,36554342,,1068036,1550725,7.02,4.65,2.56,,1087,871731,0.061,,,,,,,,,,,,,,,,,,,
OWID_AFR,,Africa,8/29/2021,,,,,,,,,,101629709,67261709,37393287,,1815310,1677898,7.12,4.71,2.62,,1176,958326,0.067,,,,,,,,,,,,,,,,,,,
OWID_AFR,,Africa,8/30/2021,,,,,,,,,,102207774,67658096,37670022,,1354318,1632042,7.16,4.74,2.64,,1144,939400,0.066,,,,,,,,,,,,,,,,,,,
OWID_AFR,,Africa,8/31/2021,,,,,,,,,,103603952,68497000,38291814,,1481548,1578006,7.26,4.8,2.68,,1106,914078,0.064,,,,,,,,,,,,,,,,,,,
OWID_AFR,,Africa,9/1/2021,,,,,,,,,,105819080,69976160,39236224,,1581445,1558105,7.42,4.9,2.75,,1092,894677,0.063,,,,,,,,,,,,,,,,,,,
OWID_AFR,,Africa,9/2/2021,,,,,,,,,,106231813,70191354,39428739,,1485059,1514336,7.45,4.92,2.76,,1061,872974,0.061,,,,,,,,,,,,,,,,,,,
OWID_AFR,,Africa,9/3/2021,,,,,,,,,,106847527,70534148,39688353,,1285781,1438783,7.49,4.94,2.78,,1008,840403,0.059,,,,,,,,,,,,,,,,,,,
OWID_AFR,,Africa,9/4/2021,,,,,,,,,,111317743,72296590,42360353,,1605813,1515611,7.8,5.07,2.97,,1062,868957,0.061,,,,,,,,,,,,,,,,,,,
OWID_AFR,,Africa,9/5/2021,,,,,,,,,,113550843,73927419,43128762,,1122068,1416575,7.96,5.18,3.02,,993,806175,0.057,,,,,,,,,,,,,,,,,,,
OWID_AFR,,Africa,9/6/2021,,,,,,,,,,115233348,74716110,43879895,,1953506,1502175,8.08,5.24,3.08,,1053,834282,0.058,,,,,,,,,,,,,,,,,,,
OWID_AFR,,Africa,9/7/2021,,,,,,,,,,115810254,75058567,44196477,,1081464,1445017,8.12,5.26,3.1,,1013,800693,0.056,,,,,,,,,,,,,,,,,,,
OWID_AFR,,Africa,9/8/2021,,,,,,,,,,116500886,75251005,44579901,,1108471,1377452,8.17,5.27,3.12,,965,759565,0.053,,,,,,,,,,,,,,,,,,,
OWID_AFR,,Africa,9/9/2021,,,,,,,,,,117943997,76002557,45310152,,1527306,1383488,8.27,5.33,3.18,,970,738536,0.052,,,,,,,,,,,,,,,,,,,
OWID_AFR,,Africa,9/10/2021,,,,,,,,,,119073387,76710475,46105347,,2088572,1498170,8.35,5.38,3.23,,1050,777984,0.055,,,,,,,,,,,,,,,,,,,
OWID_AFR,,Africa,9/11/2021,,,,,,,,,,120866826,77272943,46680454,,2047812,1561316,8.47,5.42,3.27,,1094,778705,0.055,,,,,,,,,,,,,,,,,,,
OWID_AFR,,Africa,9/12/2021,,,,,,,,,,123712154,78698810,46928118,,1396605,1600530,8.67,5.52,3.29,,1122,787390,0.055,,,,,,,,,,,,,,,,,,,
OWID_AFR,,Africa,9/13/2021,,,,,,,,,,124317061,79032460,47171532,,1277210,1503922,8.71,5.54,3.31,,1054,747870,0.052,,,,,,,,,,,,,,,,,,,
OWID_AFR,,Africa,9/14/2021,,,,,,,,,,127159308,80022007,49045113,,1349194,1542168,8.91,5.61,3.44,,1081,773123,0.054,,,,,,,,,,,,,,,,,,,
OWID_AFR,,Africa,9/15/2021,,,,,,,,,,128608925,81305026,49950502,,1171884,1551227,9.01,5.7,3.5,,1087,801989,0.056,,,,,,,,,,,,,,,,,,,
OWID_AFR,,Africa,9/16/2021,,,,,,,,,,130210526,82050942,50781375,,2247071,1654052,9.13,5.75,3.56,,1159,862526,0.06,,,,,,,,,,,,,,,,,,,
OWID_AFR,,Africa,9/17/2021,,,,,,,,,,130591738,82205865,50948760,,1338166,1546846,9.15,5.76,3.57,,1084,824604,0.058,,,,,,,,,,,,,,,,,,,
OWID_AFR,,Africa,9/18/2021,,,,,,,,,,131148588,82316505,51352675,,1311920,1441724,9.19,5.77,3.6,,1011,821958,0.058,,,,,,,,,,,,,,,,,,,
OWID_AFR,,Africa,9/19/2021,,,,,,,,,,133915991,83966107,52391718,,1351192,1435239,9.39,5.89,3.67,,1006,826344,0.058,,,,,,,,,,,,,,,,,,,
OWID_AFR,,Africa,9/20/2021,,,,,,,,,,134886389,84379764,53225062,,1465499,1462135,9.45,5.91,3.73,,1025,866638,0.061,,,,,,,,,,,,,,,,,,,
OWID_AFR,,Africa,9/21/2021,,,,,,,,,,135518118,84821352,53515386,,1488591,1482049,9.5,5.95,3.75,,1039,902730,0.063,,,,,,,,,,,,,,,,,,,
OWID_AFR,,Africa,9/22/2021,,,,,,,,,,138175685,86754885,54510862,,1525468,1532560,9.68,6.08,3.82,,1074,941733,0.066,,,,,,,,,,,,,,,,,,,
OWID_AFR,,Africa,9/23/2021,,,,,,,,,,141008950,88597131,54843944,,1667530,1449769,9.88,6.21,3.84,,1016,931498,0.065,,,,,,,,,,,,,,,,,,,
OWID_AFR,,Africa,9/24/2021,,,,,,,,,,141425664,88887086,54945951,,1291331,1443079,9.91,6.23,3.85,,1011,942691,0.066,,,,,,,,,,,,,,,,,,,
OWID_AFR,,Africa,9/25/2021,,,,,,,,,,142748373,89739536,56550762,,1253183,1434685,10.01,6.29,3.96,,1006,949101,0.067,,,,,,,,,,,,,,,,,,,
OWID_AFR,,Africa,9/26/2021,,,,,,,,,,143650802,90266517,56894120,,1435028,1446666,10.07,6.33,3.99,,1014,962872,0.067,,,,,,,,,,,,,,,,,,,
OWID_AFR,,Africa,9/27/2021,,,,,,,,,,146415175,91591963,58961357,,1520005,1454450,10.26,6.42,4.13,,1019,954263,0.067,,,,,,,,,,,,,,,,,,,
OWID_AFR,,Africa,9/28/2021,,,,,,,,,,147543534,92115017,59517715,,1323877,1430923,10.34,6.46,4.17,,1003,928068,0.065,,,,,,,,,,,,,,,,,,,
OWID_AFR,,Africa,9/29/2021,,,,,,,,,,147912295,92341909,59678069,,1258141,1392731,10.37,6.47,4.18,,976,901728,0.063,,,,,,,,,,,,,,,,,,,
OWID_AFR,,Africa,9/30/2021,,,,,,,,,,149777657,93629275,60335298,,1264760,1335189,10.5,6.56,4.23,,936,871856,0.061,,,,,,,,,,,,,,,,,,,
OWID_AFR,,Africa,10/1/2021,,,,,,,,,,150216634,93894642,60460828,,1378205,1347603,10.53,6.58,4.24,,945,880017,0.062,,,,,,,,,,,,,,,,,,,
OWID_AFR,,Africa,10/2/2021,,,,,,,,,,151339614,94436873,61008218,,1336051,1359443,10.61,6.62,4.28,,953,890620,0.062,,,,,,,,,,,,,,,,,,,
OWID_AFR,,Africa,10/3/2021,,,,,,,,,,151856823,94753272,61304840,,1202535,1326229,10.64,6.64,4.3,,930,880091,0.062,,,,,,,,,,,,,,,,,,,
OWID_AFR,,Africa,10/4/2021,,,,,,,,,,151981836,94810120,61346050,,1304439,1295432,10.65,6.65,4.3,,908,863582,0.061,,,,,,,,,,,,,,,,,,,
OWID_AFR,,Africa,10/5/2021,,,,,,,,,,152622147,95137567,61711132,,1366797,1301561,10.7,6.67,4.33,,912,865409,0.061,,,,,,,,,,,,,,,,,,,
OWID_AFR,,Africa,10/6/2021,,,,,,,,,,153279921,96178402,62247158,,1522391,1339312,10.74,6.74,4.36,,939,870684,0.061,,,,,,,,,,,,,,,,,,,
OWID_AFR,,Africa,10/7/2021,,,,,,,,,,155243008,97672857,62715707,,1340422,1350119,10.88,6.85,4.4,,946,871154,0.061,,,,,,,,,,,,,,,,,,,
OWID_AFR,,Africa,10/8/2021,,,,,,,,,,159841805,101108623,63923753,,1261262,1333416,11.2,7.09,4.48,,935,854404,0.06,,,,,,,,,,,,,,,,,,,
OWID_AFR,,Africa,10/9/2021,,,,,,,,,,161252483,101532691,64935242,,1159253,1308157,11.3,7.12,4.55,,917,824009,0.058,,,,,,,,,,,,,,,,,,,
OWID_AFR,,Africa,10/10/2021,,,,,,,,,,161569375,101709212,65113013,,1186393,1305849,11.32,7.13,4.56,,915,804135,0.056,,,,,,,,,,,,,,,,,,,
OWID_AFR,,Africa,10/11/2021,,,,,,,,,,162063157,101976640,65479230,,1356098,1313230,11.36,7.15,4.59,,920,799470,0.056,,,,,,,,,,,,,,,,,,,
OWID_AFR,,Africa,10/12/2021,,,,,,,,,,162407061,102228597,65725228,,1609962,1347968,11.38,7.17,4.61,,945,818262,0.057,,,,,,,,,,,,,,,,,,,
OWID_AFR,,Africa,10/13/2021,,,,,,,,,,164865140,103284568,66596619,,1727557,1377279,11.56,7.24,4.67,,965,840549,0.059,,,,,,,,,,,,,,,,,,,
OWID_AFR,,Africa,10/14/2021,,,,,,,,,,166817017,104801489,67027675,,1454770,1393616,11.69,7.35,4.7,,977,835039,0.059,,,,,,,,,,,,,,,,,,,
OWID_AFR,,Africa,10/15/2021,,,,,,,,,,168285198,105455304,67806758,,1721141,1459311,11.8,7.39,4.75,,1023,863453,0.061,,,,,,,,,,,,,,,,,,,
OWID_AFR,,Africa,10/16/2021,,,,,,,,,,168378087,105498376,67857299,,1507130,1509010,11.8,7.39,4.76,,1058,892684,0.063,,,,,,,,,,,,,,,,,,,
OWID_AFR,,Africa,10/17/2021,,,,,,,,,,172719785,107800482,69621838,,1505460,1554587,12.11,7.56,4.88,,1090,925848,0.065,,,,,,,,,,,,,,,,,,,
OWID_AFR,,Africa,10/18/2021,,,,,,,,,,174291070,108775932,70233563,,1568548,1584943,12.22,7.62,4.92,,1111,946385,0.066,,,,,,,,,,,,,,,,,,,
OWID_AFR,,Africa,10/19/2021,,,,,,,,,,175400722,109286800,70875816,,1533156,1573967,12.29,7.66,4.97,,1103,943108,0.066,,,,,,,,,,,,,,,,,,,
OWID_AFR,,Africa,10/20/2021,,,,,,,,,,176359762,110412099,71038041,,1541654,1547494,12.36,7.74,4.98,,1085,938647,0.066,,,,,,,,,,,,,,,,,,,
OWID_AFR,,Africa,10/21/2021,,,,,,,,,,178595888,112257195,71797395,,1458548,1548003,12.52,7.87,5.03,,1085,955622,0.067,,,,,,,,,,,,,,,,,,,
OWID_AFR,,Africa,10/22/2021,,,,,,,,,,179079983,112467515,71965545,,1695185,1544280,12.55,7.88,5.04,,1082,972359,0.068,,,,,,,,,,,,,,,,,,,
OWID_AFR,,Africa,10/23/2021,,,,,,,,,,182217821,114483431,73310127,,1513870,1545229,12.77,8.02,5.14,,1083,987635,0.069,,,,,,,,,,,,,,,,,,,
OWID_AFR,,Africa,10/24/2021,,,,,,,,,,184718901,115318166,74599032,,1450622,1537386,12.95,8.08,5.23,,1078,979384,0.069,,,,,,,,,,,,,,,,,,,
OWID_AFR,,Africa,10/25/2021,,,,,,,,,,185156929,115544720,74861496,,2025624,1602673,12.98,8.1,5.25,,1123,989498,0.069,,,,,,,,,,,,,,,,,,,
OWID_AFR,,Africa,10/26/2021,,,,,,,,,,186805514,116472240,75578165,,2047430,1676133,13.09,8.16,5.3,,1175,998514,0.07,,,,,,,,,,,,,,,,,,,
OWID_AFR,,Africa,10/27/2021,,,,,,,,,,187208673,116658994,75766086,,1652582,1691981,13.12,8.18,5.31,,1186,983288,0.069,,,,,,,,,,,,,,,,,,,
OWID_AFR,,Africa,10/28/2021,,,,,,,,,,189809912,118429867,76360930,28870,1607279,1713227,13.3,8.3,5.35,0,1201,976617,0.068,,,,,,,,,,,,,,,,,,,
OWID_AFR,,Africa,10/29/2021,,,,,,,,,,193296330,120094541,79415052,32750,1793119,1727218,13.55,8.42,5.57,0,1211,972462,0.068,,,,,,,,,,,,,,,,,,,
OWID_AFR,,Africa,10/30/2021,,,,,,,,,,194361624,120630098,80078265,71510,1674945,1750228,13.62,8.45,5.61,0.01,1227,979194,0.069,,,,,,,,,,,,,,,,,,,
OWID_AFR,,Africa,10/31/2021,,,,,,,,,,196480876,122001362,80759982,71510,1464629,1752229,13.77,8.55,5.66,0.01,1228,996695,0.07,,,,,,,,,,,,,,,,,,,
OWID_AFR,,Africa,11/1/2021,,,,,,,,,,197837482,122691032,81432762,124228,1439763,1668533,13.87,8.6,5.71,0.01,1169,968578,0.068,,,,,,,,,,,,,,,,,,,
OWID_AFR,,Africa,11/2/2021,,,,,,,,,,199146273,123401709,82036961,142786,1387041,1574196,13.96,8.65,5.75,0.01,1103,938824,0.066,,,,,,,,,,,,,,,,,,,
OWID_AFR,,Africa,11/3/2021,,,,,,,,,,199647730,123704323,82251189,153756,1358960,1532248,13.99,8.67,5.76,0.01,1074,934952,0.066,,,,,,,,,,,,,,,,,,,
OWID_AFR,,Africa,11/4/2021,,,,,,,,,,202346669,125649818,83140534,163744,1385568,1500575,14.18,8.81,5.83,0.01,1052,933366,0.065,,,,,,,,,,,,,,,,,,,
OWID_AFR,,Africa,11/5/2021,,,,,,,,,,202620703,125793512,83267105,173532,1391385,1443183,14.2,8.82,5.84,0.01,1012,909486,0.064,,,,,,,,,,,,,,,,,,,
OWID_AFR,,Africa,11/6/2021,,,,,,,,,,204717964,126953294,84214931,179218,1270730,1385441,14.35,8.9,5.9,0.01,971,883081,0.062,,,,,,,,,,,,,,,,,,,
OWID_AFR,,Africa,11/7/2021,,,,,,,,,,205527932,127479738,84450098,189449,1726702,1422880,14.41,8.94,5.92,0.01,997,898190,0.063,,,,,,,,,,,,,,,,,,,
OWID_AFR,,Africa,11/8/2021,,,,,,,,,,206026136,127764408,84737553,202552,1782142,1471791,14.44,8.96,5.94,0.01,1032,943520,0.066,,,,,,,,,,,,,,,,,,,
OWID_AFR,,Africa,11/9/2021,,,,,,,,,,206476148,127986876,85001246,213310,1825147,1534378,14.47,8.97,5.96,0.01,1075,991503,0.069,,,,,,,,,,,,,,,,,,,
OWID_AFR,,Africa,11/10/2021,,,,,,,,,,212163314,131593036,87156623,223337,1859022,1605812,14.87,9.22,6.11,0.02,1126,1034186,0.072,,,,,,,,,,,,,,,,,,,
OWID_AFR,,Africa,11/11/2021,,,,,,,,,,213405327,133039867,87694758,233093,1815832,1667279,14.96,9.32,6.15,0.02,1169,1089711,0.076,,,,,,,,,,,,,,,,,,,
OWID_AFR,,Africa,11/12/2021,,,,,,,,,,213812455,133275680,87951583,243348,1548824,1689768,14.99,9.34,6.16,0.02,1184,1088776,0.076,,,,,,,,,,,,,,,,,,,
OWID_AFR,,Africa,11/13/2021,,,,,,,,,,215510097,134254729,88888615,256524,1492667,1721477,15.11,9.41,6.23,0.02,1207,1092084,0.077,,,,,,,,,,,,,,,,,,,
OWID_AFR,,Africa,11/14/2021,,,,,,,,,,216483974,134730525,89484284,263155,1345703,1667050,15.17,9.44,6.27,0.02,1168,1071091,0.075,,,,,,,,,,,,,,,,,,,
OWID_AFR,,Africa,11/15/2021,,,,,,,,,,217665658,135238070,90176574,272326,1489742,1625275,15.26,9.48,6.32,0.02,1139,1044085,0.073,,,,,,,,,,,,,,,,,,,
OWID_AFR,,Africa,11/16/2021,,,,,,,,,,217925557,135397014,90296494,280269,1465159,1573849,15.27,9.49,6.33,0.02,1103,1025457,0.072,,,,,,,,,,,,,,,,,,,
OWID_AFR,,Africa,11/17/2021,,,,,,,,,,218681637,135824686,90850589,290842,1495602,1521932,15.33,9.52,6.37,0.02,1067,1007170,0.071,,,,,,,,,,,,,,,,,,,
OWID_AFR,,Africa,11/18/2021,,,,,,,,,,221670670,137847964,92212651,295394,1405108,1463259,15.54,9.66,6.46,0.02,1026,971762,0.068,,,,,,,,,,,,,,,,,,,
OWID_AFR,,Africa,11/19/2021,,,,,,,,,,221958829,138010888,92314452,301875,1575854,1467122,15.56,9.67,6.47,0.02,1028,989135,0.069,,,,,,,,,,,,,,,,,,,
OWID_AFR,,Africa,11/20/2021,,,,,,,,,,224423425,140193207,92669053,305078,1667917,1492157,15.73,9.83,6.5,0.02,1046,1028307,0.072,,,,,,,,,,,,,,,,,,,
OWID_AFR,,Africa,11/21/2021,,,,,,,,,,226256507,141200922,93623797,318245,1796069,1556493,15.86,9.9,6.56,0.02,1091,1061406,0.074,,,,,,,,,,,,,,,,,,,
OWID_AFR,,Africa,11/22/2021,,,,,,,,,,227673638,142014066,94505635,337494,1927357,1619013,15.96,9.95,6.62,0.02,1135,1114999,0.078,,,,,,,,,,,,,,,,,,,
OWID_AFR,,Africa,11/23/2021,,,,,,,,,,228698706,142895278,94827029,350256,2043682,1701656,16.03,10.02,6.65,0.02,1193,1176395,0.082,,,,,,,,,,,,,,,,,,,
OWID_AFR,,Africa,11/24/2021,,,,,,,,,,231376078,144818452,95860426,356468,2211846,1803977,16.22,10.15,6.72,0.02,1264,1282565,0.09,,,,,,,,,,,,,,,,,,,
OWID_AFR,,Africa,11/25/2021,,,,,,,,,,232421121,145689988,96032053,375609,2260789,1926217,16.29,10.21,6.73,0.03,1350,1369630,0.096,,,,,,,,,,,,,,,,,,,
OWID_AFR,,Africa,11/26/2021,,,,,,,,,,233660975,146661850,96395384,389958,2016041,1989106,16.38,10.28,6.76,0.03,1394,1426817,0.1,,,,,,,,,,,,,,,,,,,
OWID_AFR,,Africa,11/27/2021,,,,,,,,,,234240410,147186035,96447935,405021,1789091,2006414,16.42,10.32,6.76,0.03,1406,1443533,0.101,,,,,,,,,,,,,,,,,,,
OWID_AFR,,Africa,11/28/2021,,,,,,,,,,237923232,149485044,97853379,413523,1662582,1987343,16.68,10.48,6.86,0.03,1393,1442626,0.101,,,,,,,,,,,,,,,,,,,
OWID_AFR,,Africa,11/29/2021,,,,,,,,,,239938173,150710718,98731465,436553,2119673,2014820,16.82,10.56,6.92,0.03,1412,1455552,0.102,,,,,,,,,,,,,,,,,,,
OWID_AFR,,Africa,11/30/2021,,,,,,,,,,241204351,151822183,99299597,450385,2135709,2027959,16.91,10.64,6.96,0.03,1421,1457721,0.102,,,,,,,,,,,,,,,,,,,
OWID_AFR,,Africa,12/1/2021,,,,,,,,,,241697921,152229889,99424535,457450,1937204,1988725,16.94,10.67,6.97,0.03,1394,1388440,0.097,,,,,,,,,,,,,,,,,,,
OWID_AFR,,Africa,12/2/2021,,,,,,,,,,244138322,153353462,100483110,463718,2077003,1962471,17.11,10.75,7.04,0.03,1375,1364349,0.096,,,,,,,,,,,,,,,,,,,
OWID_AFR,,Africa,12/3/2021,,,,,,,,,,245843767,154505406,101061476,470619,2657351,2054091,17.23,10.83,7.08,0.03,1440,1415653,0.099,,,,,,,,,,,,,,,,,,,
OWID_AFR,,Africa,12/4/2021,,,,,,,,,,248872918,156281312,102318965,479959,1538823,2018337,17.44,10.95,7.17,0.03,1415,1382712,0.097,,,,,,,,,,,,,,,,,,,
OWID_AFR,,Africa,12/5/2021,,,,,,,,,,249894682,157016959,102618682,494730,1444168,1987136,17.52,11.01,7.19,0.03,1393,1362958,0.096,,,,,,,,,,,,,,,,,,,
OWID_AFR,,Africa,12/6/2021,,,,,,,,,,251954417,159797624,103540080,512730,1632866,1917592,17.66,11.2,7.26,0.04,1344,1321533,0.093,,,,,,,,,,,,,,,,,,,
OWID_AFR,,Africa,12/7/2021,,,,,,,,,,252438430,160134644,103737331,535575,1721239,1858379,17.69,11.22,7.27,0.04,1303,1282457,0.09,,,,,,,,,,,,,,,,,,,
OWID_AFR,,Africa,12/8/2021,,,,,,,,,,254776807,162245882,104802416,558641,1720490,1827419,17.86,11.37,7.35,0.04,1281,1261375,0.088,,,,,,,,,,,,,,,,,,,
OWID_AFR,,Africa,12/9/2021,,,,,,,,,,259552978,166374173,105911011,574335,1668698,1769091,18.19,11.66,7.42,0.04,1240,1215572,0.085,,,,,,,,,,,,,,,,,,,
OWID_AFR,,Africa,12/10/2021,,,,,,,,,,260314607,166733214,106324586,593495,2055881,1683167,18.25,11.69,7.45,0.04,1180,1156354,0.081,,,,,,,,,,,,,,,,,,,
OWID_AFR,,Africa,12/11/2021,,,,,,,,,,262827090,168507253,107171866,608185,1839672,1726146,18.42,11.81,7.51,0.04,1210,1191261,0.083,,,,,,,,,,,,,,,,,,,
OWID_AFR,,Africa,12/12/2021,,,,,,,,,,264376660,169656513,107691376,617549,1863342,1786029,18.53,11.89,7.55,0.04,1252,1226159,0.086,,,,,,,,,,,,,,,,,,,
OWID_AFR,,Africa,12/13/2021,,,,,,,,,,265330659,170161872,108159569,633454,1975615,1834993,18.6,11.93,7.58,0.04,1286,1245856,0.087,,,,,,,,,,,,,,,,,,,
OWID_AFR,,Africa,12/14/2021,,,,,,,,,,267711738,171633395,109212765,644723,1991866,1873653,18.76,12.03,7.65,0.05,1313,1256016,0.088,,,,,,,,,,,,,,,,,,,
OWID_AFR,,Africa,12/15/2021,,,,,,,,,,270220358,172627799,110720409,663869,1971390,1909497,18.94,12.1,7.76,0.05,1338,1263690,0.089,,,,,,,,,,,,,,,,,,,
OWID_AFR,,Africa,12/16/2021,,,,,,,,,,270873142,173057276,111038929,674557,2499577,2028193,18.99,12.13,7.78,0.05,1422,1351321,0.095,,,,,,,,,,,,,,,,,,,
OWID_AFR,,Africa,12/17/2021,,,,,,,,,,271322065,173193899,111200145,689618,2375728,2073886,19.02,12.14,7.79,0.05,1454,1394568,0.098,,,,,,,,,,,,,,,,,,,
OWID_AFR,,Africa,12/18/2021,,,,,,,,,,273401858,174295104,112171654,712728,2310304,2141118,19.16,12.22,7.86,0.05,1501,1443196,0.101,,,,,,,,,,,,,,,,,,,
OWID_AFR,,Africa,12/19/2021,,,,,,,,,,274067231,174592514,112400900,726927,2304209,2204098,19.21,12.24,7.88,0.05,1545,1498113,0.105,,,,,,,,,,,,,,,,,,,
OWID_AFR,,Africa,12/20/2021,,,,,,,,,,279450592,178524442,113905384,747911,2504625,2279668,19.59,12.51,7.98,0.05,1598,1551595,0.109,,,,,,,,,,,,,,,,,,,
OWID_AFR,,Africa,12/21/2021,,,,,,,,,,280029601,178928835,114225131,747911,2594228,2365724,19.63,12.54,8.01,0.05,1658,1607375,0.113,,,,,,,,,,,,,,,,,,,
OWID_AFR,,Africa,12/22/2021,,,,,,,,,,281685011,179954832,114971033,747911,2571845,2451504,19.74,12.61,8.06,0.05,1718,1667153,0.117,,,,,,,,,,,,,,,,,,,
OWID_AFR,,Africa,12/23/2021,,,,,,,,,,286205196,183656211,116189774,777325,2332477,2427631,20.06,12.87,8.14,0.05,1702,1635024,0.115,,,,,,,,,,,,,,,,,,,
OWID_AFR,,Africa,12/24/2021,,,,,,,,,,288683233,184863102,117486004,793885,1907964,2360807,20.23,12.96,8.23,0.06,1655,1552428,0.109,,,,,,,,,,,,,,,,,,,
OWID_AFR,,Africa,12/25/2021,,,,,,,,,,288905894,184899383,117563603,793885,1788616,2286279,20.25,12.96,8.24,0.06,1602,1465107,0.103,,,,,,,,,,,,,,,,,,,
OWID_AFR,,Africa,12/26/2021,,,,,,,,,,290436783,185759528,118263270,830873,1735186,2204991,20.36,13.02,8.29,0.06,1545,1378357,0.097,,,,,,,,,,,,,,,,,,,
OWID_AFR,,Africa,12/27/2021,,,,,,,,,,291643397,186495364,118603416,843010,1577023,2072479,20.44,13.07,8.31,0.06,1453,1274976,0.089,,,,,,,,,,,,,,,,,,,
OWID_AFR,,Africa,12/28/2021,,,,,,,,,,298525241,190127337,122323989,851963,1632987,1935157,20.92,13.33,8.57,0.06,1356,1163251,0.082,,,,,,,,,,,,,,,,,,,
OWID_AFR,,Africa,12/29/2021,,,,,,,,,,298955785,190270163,122562413,865281,1683568,1808261,20.95,13.34,8.59,0.06,1267,1052833,0.074,,,,,,,,,,,,,,,,,,,
OWID_AFR,,Africa,12/30/2021,,,,,,,,,,300177518,190900159,123100287,882068,1643906,1709892,21.04,13.38,8.63,0.06,1198,951334,0.067,,,,,,,,,,,,,,,,,,,
OWID_AFR,,Africa,12/31/2021,,,,,,,,,,303508220,193644216,124750456,892142,2049102,1730056,21.27,13.57,8.74,0.06,1213,972997,0.068,,,,,,,,,,,,,,,,,,,
OWID_AFR,,Africa,1/1/2022,,,,,,,,,,304142817,193994506,125170954,909609,1742670,1723494,21.32,13.6,8.77,0.06,1208,976766,0.068,,,,,,,,,,,,,,,,,,,
OWID_AFR,,Africa,1/2/2022,,,,,,,,,,304601512,194358392,125463560,922175,1304246,1661930,21.35,13.62,8.79,0.06,1165,939817,0.066,,,,,,,,,,,,,,,,,,,
OWID_AFR,,Africa,1/3/2022,,,,,,,,,,305047846,194573320,125726603,927446,1579535,1662288,21.38,13.64,8.81,0.07,1165,919782,0.064,,,,,,,,,,,,,,,,,,,
OWID_AFR,,Africa,1/4/2022,,,,,,,,,,310462505,197140515,128229329,955626,1632041,1662154,21.76,13.82,8.99,0.07,1165,908438,0.064,,,,,,,,,,,,,,,,,,,
OWID_AFR,,Africa,1/5/2022,,,,,,,,,,310993743,197448679,128662825,970084,1356629,1615451,21.8,13.84,9.02,0.07,1132,880916,0.062,,,,,,,,,,,,,,,,,,,
OWID_AFR,,Africa,1/6/2022,,,,,,,,,,314989250,198356123,129410903,988894,1526592,1598687,22.08,13.9,9.07,0.07,1121,858322,0.06,,,,,,,,,,,,,,,,,,,
OWID_AFR,,Africa,1/7/2022,,,,,,,,,,315651585,198768916,129855863,1006611,2226139,1623979,22.12,13.93,9.1,0.07,1138,854720,0.06,,,,,,,,,,,,,,,,,,,
OWID_AFR,,Africa,1/8/2022,,,,,,,,,,317435119,199724698,130833327,1013527,1951363,1653791,22.25,14,9.17,0.07,1159,873014,0.061,,,,,,,,,,,,,,,,,,,
OWID_AFR,,Africa,1/9/2022,,,,,,,,,,319392825,201000883,131295977,1022010,1844403,1730956,22.39,14.09,9.2,0.07,1213,904926,0.063,,,,,,,,,,,,,,,,,,,
OWID_AFR,,Africa,1/10/2022,,,,,,,,,,322714521,204711771,133300569,1035762,1696078,1747607,22.62,14.35,9.34,0.07,1225,900730,0.063,,,,,,,,,,,,,,,,,,,
OWID_AFR,,Africa,1/11/2022,,,,,,,,,,323042272,204767420,133433514,1048856,1441105,1720329,22.64,14.35,9.35,0.07,1206,867530,0.061,,,,,,,,,,,,,,,,,,,
OWID_AFR,,Africa,1/12/2022,,,,,,,,,,323968813,205132629,133665419,1064476,1470005,1736525,22.71,14.38,9.37,0.07,1217,856894,0.06,,,,,,,,,,,,,,,,,,,
OWID_AFR,,Africa,1/13/2022,,,,,,,,,,325510169,205564257,134382367,1071331,1729169,1765468,22.82,14.41,9.42,0.08,1237,864368,0.061,,,,,,,,,,,,,,,,,,,
OWID_AFR,,Africa,1/14/2022,,,,,,,,,,326740761,206240647,134739677,1077747,1932787,1723557,22.9,14.46,9.44,0.08,1208,817777,0.057,,,,,,,,,,,,,,,,,,,
OWID_AFR,,Africa,1/15/2022,,,,,,,,,,329350740,207399834,136204604,1083679,1741974,1693645,23.08,14.54,9.55,0.08,1187,786266,0.055,,,,,,,,,,,,,,,,,,,
OWID_AFR,,Africa,1/16/2022,,,,,,,,,,330340635,208033371,136499402,1094480,2173695,1740687,23.15,14.58,9.57,0.08,1220,833150,0.058,,,,,,,,,,,,,,,,,,,
OWID_AFR,,Africa,1/17/2022,,,,,,,,,,332802055,209806806,137590694,1507828,2344069,1833256,23.33,14.71,9.64,0.11,1285,922272,0.065,,,,,,,,,,,,,,,,,,,
OWID_AFR,,Africa,1/18/2022,,,,,,,,,,334645875,211215266,138363760,1556366,1696239,1869705,23.46,14.8,9.7,0.11,1310,964923,0.068,,,,,,,,,,,,,,,,,,,
OWID_AFR,,Africa,1/19/2022,,,,,,,,,,336823379,212091351,139700418,1585059,1616403,1890618,23.61,14.87,9.79,0.11,1325,995766,0.07,,,,,,,,,,,,,,,,,,,
OWID_AFR,,Africa,1/20/2022,,,,,,,,,,337208451,212288196,139879975,1614184,1386731,1841702,23.63,14.88,9.8,0.11,1291,1002903,0.07,,,,,,,,,,,,,,,,,,,
OWID_AFR,,Africa,1/21/2022,,,,,,,,,,343072128,214246378,141355812,2419814,1393969,1764728,24.05,15.02,9.91,0.17,1237,978333,0.069,,,,,,,,,,,,,,,,,,,
OWID_AFR,,Africa,1/22/2022,,,,,,,,,,344306592,214925282,141610117,2434330,1329037,1705735,24.13,15.06,9.93,0.17,1196,944706,0.066,,,,,,,,,,,,,,,,,,,
OWID_AFR,,Africa,1/23/2022,,,,,,,,,,346303435,216440103,142048730,2440745,1253545,1574283,24.27,15.17,9.96,0.17,1103,858488,0.06,,,,,,,,,,,,,,,,,,,
OWID_AFR,,Africa,1/24/2022,,,,,,,,,,347659773,216982677,142637214,2529195,1221035,1413851,24.37,15.21,10,0.18,991,760441,0.053,,,,,,,,,,,,,,,,,,,
OWID_AFR,,Africa,1/25/2022,,,,,,,,,,347942155,217037332,142735494,2537939,1340566,1363041,24.39,15.21,10,0.18,955,734729,0.051,,,,,,,,,,,,,,,,,,,
OWID_AFR,,Africa,1/26/2022,,,,,,,,,,348869091,217545879,143156826,2584897,1516401,1348752,24.45,15.25,10.03,0.18,945,738723,0.052,,,,,,,,,,,,,,,,,,,
OWID_AFR,,Africa,1/27/2022,,,,,,,,,,349793296,217880824,145051622,2610394,1428251,1354688,24.52,15.27,10.17,0.18,950,747118,0.052,,,,,,,,,,,,,,,,,,,
OWID_AFR,,Africa,1/28/2022,,,,,,,,,,350624652,218662604,145719977,2639957,1319016,1343980,24.58,15.33,10.21,0.19,942,754221,0.053,,,,,,,,,,,,,,,,,,,
OWID_AFR,,Africa,1/29/2022,,,,,,,,,,351890623,219629725,146055221,2649482,1260420,1334176,24.66,15.39,10.24,0.19,935,762088,0.053,,,,,,,,,,,,,,,,,,,
OWID_AFR,,Africa,1/30/2022,,,,,,,,,,353665654,220185740,147138878,2663067,1267762,1336209,24.79,15.43,10.31,0.19,937,764845,0.054,,,,,,,,,,,,,,,,,,,
OWID_AFR,,Africa,1/31/2022,,,,,,,,,,354400724,220590244,147450395,2690828,1475911,1372620,24.84,15.46,10.33,0.19,962,784184,0.055,,,,,,,,,,,,,,,,,,,
OWID_AFR,,Africa,2/1/2022,,,,,,,,,,354847604,220708982,147620383,2707013,1822191,1441420,24.87,15.47,10.35,0.19,1010,841098,0.059,,,,,,,,,,,,,,,,,,,
OWID_AFR,,Africa,2/2/2022,,,,,,,,,,357080392,222475733,148556932,2753931,1764431,1476856,25.03,15.59,10.41,0.19,1035,875026,0.061,,,,,,,,,,,,,,,,,,,
OWID_AFR,,Africa,2/3/2022,,,,,,,,,,357446544,222610969,148750500,2782058,1657406,1509592,25.05,15.6,10.43,0.19,1058,897754,0.063,,,,,,,,,,,,,,,,,,,
OWID_AFR,,Africa,2/4/2022,,,,,,,,,,358098240,222994367,149109788,2794564,1645562,1556241,25.1,15.63,10.45,0.2,1091,925264,0.065,,,,,,,,,,,,,,,,,,,
OWID_AFR,,Africa,2/5/2022,,,,,,,,,,358584626,223315124,149431595,2805045,1643713,1611000,25.13,15.65,10.47,0.2,1129,955679,0.067,,,,,,,,,,,,,,,,,,,
OWID_AFR,,Africa,2/6/2022,,,,,,,,,,361449599,224447034,151195992,2834736,1578732,1655422,25.33,15.73,10.6,0.2,1160,988671,0.069,,,,,,,,,,,,,,,,,,,
OWID_AFR,,Africa,2/7/2022,,,,,,,,,,363821789,226472714,151387452,2845530,1486867,1656987,25.5,15.87,10.61,0.2,1161,1001589,0.07,,,,,,,,,,,,,,,,,,,
OWID_AFR,,Africa,2/8/2022,,,,,,,,,,364527937,226725408,151698830,2855397,1316819,1584791,25.55,15.89,10.63,0.2,1111,950758,0.067,,,,,,,,,,,,,,,,,,,
OWID_AFR,,Africa,2/9/2022,,,,,,,,,,366336142,227615678,152565327,2925218,1360688,1527111,25.68,15.95,10.69,0.21,1070,904505,0.063,,,,,,,,,,,,,,,,,,,
OWID_AFR,,Africa,2/10/2022,,,,,,,,,,368692631,228385665,154127714,2941183,1424198,1493796,25.84,16.01,10.8,0.21,1047,883272,0.062,,,,,,,,,,,,,,,,,,,
OWID_AFR,,Africa,2/11/2022,,,,,,,,,,370149163,228981144,154962993,2994907,1440941,1464562,25.94,16.05,10.86,0.21,1027,876659,0.061,,,,,,,,,,,,,,,,,,,
OWID_AFR,,Africa,2/12/2022,,,,,,,,,,370509505,229162244,155103307,3012734,1428214,1433778,25.97,16.06,10.87,0.21,1005,865073,0.061,,,,,,,,,,,,,,,,,,,
OWID_AFR,,Africa,2/13/2022,,,,,,,,,,371238987,229361165,155252513,3023876,1337488,1399316,26.02,16.08,10.88,0.21,981,851872,0.06,,,,,,,,,,,,,,,,,,,
OWID_AFR,,Africa,2/14/2022,,,,,,,,,,371465256,229581609,155421278,3050874,1408755,1388159,26.04,16.09,10.89,0.21,973,833854,0.058,,,,,,,,,,,,,,,,,,,
OWID_AFR,,Africa,2/15/2022,,,,,,,,,,373298869,232271924,157950472,3059115,1440369,1405804,26.16,16.28,11.07,0.21,985,842487,0.059,,,,,,,,,,,,,,,,,,,
OWID_AFR,,Africa,2/16/2022,,,,,,,,,,375029173,232993084,158353376,3122417,2484210,1566311,26.29,16.33,11.1,0.22,1098,923807,0.065,,,,,,,,,,,,,,,,,,,
OWID_AFR,,Africa,2/17/2022,,,,,,,,,,376407347,233863703,158442909,11051852,2711012,1750140,26.38,16.39,11.11,0.77,1227,1023445,0.072,,,,,,,,,,,,,,,,,,,
OWID_AFR,,Africa,2/18/2022,,,,,,,,,,378269509,235367605,159317474,11060236,2785174,1942177,26.51,16.5,11.17,0.78,1361,1143337,0.08,,,,,,,,,,,,,,,,,,,
OWID_AFR,,Africa,2/19/2022,,,,,,,,,,382495960,237879356,160154539,11097214,3293841,2208693,26.81,16.67,11.23,0.78,1548,1341262,0.094,,,,,,,,,,,,,,,,,,,
OWID_AFR,,Africa,2/20/2022,,,,,,,,,,386494443,240384386,161512898,11112098,2653540,2396702,27.09,16.85,11.32,0.78,1680,1462527,0.103,,,,,,,,,,,,,,,,,,,
OWID_AFR,,Africa,2/21/2022,,,,,,,,,,394422078,245122690,164746203,11119616,3059945,2632584,27.65,17.18,11.55,0.78,1845,1627696,0.114,,,,,,,,,,,,,,,,,,,
OWID_AFR,,Africa,2/22/2022,,,,,,,,,,397373792,247019979,165392548,11180403,2940423,2846875,27.85,17.31,11.59,0.78,1995,1790143,0.125,,,,,,,,,,,,,,,,,,,
OWID_AFR,,Africa,2/23/2022,,,,,,,,,,398741900,247747118,165572203,11224281,2161332,2800751,27.95,17.36,11.6,0.79,1963,1792254,0.126,,,,,,,,,,,,,,,,,,,
OWID_AFR,,Africa,2/24/2022,,,,,,,,,,403357230,249256623,166161518,13049977,2139998,2719179,28.27,17.47,11.65,0.91,1906,1765831,0.124,,,,,,,,,,,,,,,,,,,
OWID_AFR,,Africa,2/25/2022,,,,,,,,,,404677776,251009550,166667833,13127397,1364654,2516248,28.36,17.59,11.68,0.92,1764,1645685,0.115,,,,,,,,,,,,,,,,,,,
OWID_AFR,,Africa,2/26/2022,,,,,,,,,,407326736,252613681,167259236,13133689,2006746,2332377,28.55,17.71,11.72,0.92,1635,1509826,0.106,,,,,,,,,,,,,,,,,,,
OWID_AFR,,Africa,2/27/2022,,,,,,,,,,409614425,255090863,167838539,13151386,1214334,2126773,28.71,17.88,11.76,0.92,1491,1382706,0.097,,,,,,,,,,,,,,,,,,,
OWID_AFR,,Africa,2/28/2022,,,,,,,,,,410594321,255746285,168016476,13159172,1383627,1887301,28.78,17.93,11.78,0.92,1323,1239096,0.087,,,,,,,,,,,,,,,,,,,
OWID_AFR,,Africa,3/1/2022,,,,,,,,,,411759481,256405383,168362749,13277826,1213606,1640616,28.86,17.97,11.8,0.93,1150,1080678,0.076,,,,,,,,,,,,,,,,,,,
OWID_AFR,,Africa,3/2/2022,,,,,,,,,,412892345,257315998,168563508,13288808,1797480,1588635,28.94,18.04,11.81,0.93,1113,1093874,0.077,,,,,,,,,,,,,,,,,,,
OWID_AFR,,Africa,3/3/2022,,,,,,,,,,413252943,257452789,168598686,13294664,1397560,1482574,28.96,18.04,11.82,0.93,1039,1019965,0.071,,,,,,,,,,,,,,,,,,,
OWID_AFR,,Africa,3/4/2022,,,,,,,,,,414475820,258215783,168940432,13995274,1505961,1502757,29.05,18.1,11.84,0.98,1053,1045426,0.073,,,,,,,,,,,,,,,,,,,
OWID_AFR,,Africa,3/5/2022,,,,,,,,,,415256980,260218903,170243111,14016105,1153203,1380827,29.11,18.24,11.93,0.98,968,978444,0.069,,,,,,,,,,,,,,,,,,,
OWID_AFR,,Africa,3/6/2022,,,,,,,,,,416695016,261081484,188774924,14023959,1114509,1366562,29.21,18.3,13.23,0.98,958,974727,0.068,,,,,,,,,,,,,,,,,,,
OWID_AFR,,Africa,3/7/2022,,,,,,,,,,417284596,261187133,189278783,14080199,1439562,1374556,29.25,18.31,13.27,0.99,963,989042,0.069,,,,,,,,,,,,,,,,,,,
OWID_AFR,,Africa,3/8/2022,,,,,,,,,,418809093,262274520,190262768,14086382,1406057,1402047,29.35,18.38,13.34,0.99,983,1020268,0.072,,,,,,,,,,,,,,,,,,,
OWID_AFR,,Africa,3/9/2022,,,,,,,,,,420493573,263594611,191654949,14202952,1280407,1328181,29.47,18.48,13.43,1,931,951068,0.067,,,,,,,,,,,,,,,,,,,
OWID_AFR,,Africa,3/10/2022,,,,,,,,,,420740875,263919494,192104508,14714564,980247,1268564,29.49,18.5,13.46,1.03,889,974726,0.068,,,,,,,,,,,,,,,,,,,
OWID_AFR,,Africa,3/11/2022,,,,,,,,,,421780462,264450007,192586932,14903938,1086789,1208681,29.56,18.54,13.5,1.04,847,954613,0.067,,,,,,,,,,,,,,,,,,,
OWID_AFR,,Africa,3/12/2022,,,,,,,,,,421802487,264455058,192597511,14905977,806919,1159213,29.56,18.54,13.5,1.04,812,961287,0.067,,,,,,,,,,,,,,,,,,,
OWID_AFR,,Africa,3/13/2022,,,,,,,,,,423359444,266957900,194948508,14922220,808434,1115485,29.67,18.71,13.66,1.05,782,977974,0.069,,,,,,,,,,,,,,,,,,,
OWID_AFR,,Africa,3/14/2022,,,,,,,,,,423708151,267115632,200128770,14955065,868776,1033946,29.7,18.72,14.03,1.05,725,927889,0.065,,,,,,,,,,,,,,,,,,,
OWID_AFR,,Africa,3/15/2022,,,,,,,,,,428087995,269932312,201388203,15009057,950439,968858,30,18.92,14.12,1.05,679,879198,0.062,,,,,,,,,,,,,,,,,,,
OWID_AFR,,Africa,3/16/2022,,,,,,,,,,428509210,270012578,201491026,15061626,970970,924652,30.03,18.93,14.12,1.06,648,837779,0.059,,,,,,,,,,,,,,,,,,,
OWID_AFR,,Africa,3/17/2022,,,,,,,,,,429631711,270643928,202108030,15471415,941673,919141,30.11,18.97,14.17,1.08,644,789822,0.055,,,,,,,,,,,,,,,,,,,
OWID_AFR,,Africa,3/18/2022,,,,,,,,,,430766180,271850144,202868247,15527298,906615,893402,30.19,19.05,14.22,1.09,626,743342,0.052,,,,,,,,,,,,,,,,,,,
OWID_AFR,,Africa,3/19/2022,,,,,,,,,,430902077,271875034,202921266,15573496,963699,915800,30.2,19.06,14.22,1.09,642,697708,0.049,,,,,,,,,,,,,,,,,,,
OWID_AFR,,Africa,3/20/2022,,,,,,,,,,432684777,272941426,203598507,15988322,889571,927392,30.33,19.13,14.27,1.12,650,649601,0.046,,,,,,,,,,,,,,,,,,,
OWID_AFR,,Africa,3/21/2022,,,,,,,,,,433093141,273295131,203897767,16062332,792761,916533,30.36,19.16,14.29,1.13,642,625075,0.044,,,,,,,,,,,,,,,,,,,
OWID_AFR,,Africa,3/22/2022,,,,,,,,,,433322729,273449774,203967081,16075105,851314,902372,30.37,19.17,14.3,1.13,632,607482,0.043,,,,,,,,,,,,,,,,,,,
OWID_AFR,,Africa,3/23/2022,,,,,,,,,,433692619,273963349,204376131,16213435,939796,897919,30.4,19.2,14.32,1.14,629,599603,0.042,,,,,,,,,,,,,,,,,,,
OWID_AFR,,Africa,3/24/2022,,,,,,,,,,434068314,275049745,204514212,16522571,1035302,911294,30.42,19.28,14.33,1.16,639,603842,0.042,,,,,,,,,,,,,,,,,,,
OWID_AFR,,Africa,3/25/2022,,,,,,,,,,434931361,275457722,204815955,16609184,1027204,928520,30.48,19.31,14.36,1.16,651,614735,0.043,,,,,,,,,,,,,,,,,,,
OWID_AFR,,Africa,3/26/2022,,,,,,,,,,435123676,275551831,204862706,16662843,962073,928290,30.5,19.31,14.36,1.17,651,636185,0.045,,,,,,,,,,,,,,,,,,,
OWID_AFR,,Africa,3/27/2022,,,,,,,,,,438453572,277543513,206358963,18015979,858800,923893,30.73,19.45,14.46,1.26,648,652584,0.046,,,,,,,,,,,,,,,,,,,
OWID_AFR,,Africa,3/28/2022,,,,,,,,,,438600242,277603510,206394523,18047782,987497,951714,30.74,19.46,14.47,1.26,667,688117,0.048,,,,,,,,,,,,,,,,,,,
OWID_AFR,,Africa,3/29/2022,,,,,,,,,,441001451,278455537,207131110,18360236,1003882,973504,30.91,19.52,14.52,1.29,682,717458,0.05,,,,,,,,,,,,,,,,,,,
OWID_AFR,,Africa,3/30/2022,,,,,,,,,,441261035,278597088,207179296,18430235,1557086,1061693,30.93,19.53,14.52,1.29,744,747223,0.052,,,,,,,,,,,,,,,,,,,
OWID_AFR,,Africa,3/31/2022,,,,,,,,,,443083888,279301078,207920112,18778074,1566518,1137581,31.06,19.58,14.57,1.32,797,765569,0.054,,,,,,,,,,,,,,,,,,,
OWID_AFR,,Africa,4/1/2022,,,,,,,,,,443277653,279961399,208095707,18869050,1125236,1151583,31.07,19.62,14.59,1.32,807,791163,0.055,,,,,,,,,,,,,,,,,,,
OWID_AFR,,Africa,4/2/2022,,,,,,,,,,443423818,280044242,208120990,18896179,1078481,1168214,31.08,19.63,14.59,1.32,819,800843,0.056,,,,,,,,,,,,,,,,,,,
OWID_AFR,,Africa,4/3/2022,,,,,,,,,,443630637,280123773,208152303,19001514,1046104,1194974,31.09,19.63,14.59,1.33,838,815091,0.057,,,,,,,,,,,,,,,,,,,
OWID_AFR,,Africa,4/4/2022,,,,,,,,,,444154550,280467661,208416502,19089927,1023150,1200065,31.13,19.66,14.61,1.34,841,817933,0.057,,,,,,,,,,,,,,,,,,,
OWID_AFR,,Africa,4/5/2022,,,,,,,,,,444253658,280507523,208445861,19122971,992037,1198372,31.14,19.66,14.61,1.34,840,813841,0.057,,,,,,,,,,,,,,,,,,,
OWID_AFR,,Africa,4/6/2022,,,,,,,,,,444587123,280598369,208553778,19172867,1014900,1120918,31.16,19.67,14.62,1.34,786,805409,0.056,,,,,,,,,,,,,,,,,,,
OWID_AFR,,Africa,4/7/2022,,,,,,,,,,447585122,282444304,212643804,19284491,1037435,1045335,31.37,19.8,14.9,1.35,733,798184,0.056,,,,,,,,,,,,,,,,,,,
OWID_AFR,,Africa,4/8/2022,,,,,,,,,,447852072,282604927,212839348,19325296,1005704,1028258,31.39,19.81,14.92,1.35,721,781303,0.055,,,,,,,,,,,,,,,,,,,
OWID_AFR,,Africa,4/9/2022,,,,,,,,,,448635445,283942361,214159159,19367161,1033366,1021814,31.44,19.9,15.01,1.36,716,776609,0.054,,,,,,,,,,,,,,,,,,,
OWID_AFR,,Africa,4/10/2022,,,,,,,,,,452253175,285061876,217646156,19466342,874259,997263,31.7,19.98,15.25,1.36,699,749383,0.053,,,,,,,,,,,,,,,,,,,
OWID_AFR,,Africa,4/11/2022,,,,,,,,,,452317080,285100357,217683587,19476433,631024,941246,31.7,19.98,15.26,1.37,660,712888,0.05,,,,,,,,,,,,,,,,,,,
OWID_AFR,,Africa,4/12/2022,,,,,,,,,,454609130,285900319,218952586,19720215,690379,898149,31.86,20.04,15.35,1.38,630,684283,0.048,,,,,,,,,,,,,,,,,,,
OWID_AFR,,Africa,4/13/2022,,,,,,,,,,454691038,285921286,218985239,19748522,641940,844873,31.87,20.04,15.35,1.38,592,650926,0.046,,,,,,,,,,,,,,,,,,,
OWID_AFR,,Africa,4/14/2022,,,,,,,,,,454850822,285960671,219031641,19821788,658970,790806,31.88,20.04,15.35,1.39,554,617358,0.043,,,,,,,,,,,,,,,,,,,
OWID_AFR,,Africa,4/15/2022,,,,,,,,,,454907077,285981208,219050387,19842891,626001,736561,31.88,20.04,15.35,1.39,516,580488,0.041,,,,,,,,,,,,,,,,,,,
OWID_AFR,,Africa,4/16/2022,,,,,,,,,,454923753,285994983,219051135,19843391,586814,672769,31.89,20.05,15.35,1.39,472,541307,0.038,,,,,,,,,,,,,,,,,,,
OWID_AFR,,Africa,4/17/2022,,,,,,,,,,454931822,286000207,219052429,19844942,581593,630961,31.89,20.05,15.35,1.39,442,526641,0.037,,,,,,,,,,,,,,,,,,,
OWID_AFR,,Africa,4/18/2022,,,,,,,,,,455024959,286013894,219092782,19865936,580693,623770,31.89,20.05,15.36,1.39,437,523722,0.037,,,,,,,,,,,,,,,,,,,
OWID_AFR,,Africa,4/19/2022,,,,,,,,,,455083972,286026136,219134409,19871635,592321,609764,31.9,20.05,15.36,1.39,427,517853,0.036,,,,,,,,,,,,,,,,,,,
OWID_AFR,,Africa,4/20/2022,,,,,,,,,,455142967,286041427,219159898,19890976,622322,606959,31.9,20.05,15.36,1.39,425,517609,0.036,,,,,,,,,,,,,,,,,,,
OWID_AFR,,Africa,4/21/2022,,,,,,,,,,455250231,286068963,219206258,19914953,662800,607507,31.91,20.05,15.36,1.4,426,516698,0.036,,,,,,,,,,,,,,,,,,,
OWID_AFR,,Africa,4/22/2022,,,,,,,,,,455340947,286093026,219245385,19941115,653140,611384,31.91,20.05,15.37,1.4,429,517220,0.036,,,,,,,,,,,,,,,,,,,
OWID_AFR,,Africa,4/23/2022,,,,,,,,,,456679658,286460086,219965738,20224685,655833,621243,32.01,20.08,15.42,1.42,435,519568,0.036,,,,,,,,,,,,,,,,,,,
OWID_AFR,,Africa,4/24/2022,,,,,,,,,,456749399,286840759,220338689,20248092,557719,617834,32.01,20.1,15.44,1.42,433,518411,0.036,,,,,,,,,,,,,,,,,,,
OWID_AFR,,Africa,4/25/2022,,,,,,,,,,456816555,286850251,220356596,20264055,760978,643588,32.02,20.11,15.44,1.42,451,516142,0.036,,,,,,,,,,,,,,,,,,,
OWID_AFR,,Africa,4/26/2022,,,,,,,,,,464953552,295480670,224078286,21272143,817506,675757,32.59,20.71,15.71,1.49,474,515677,0.036,,,,,,,,,,,,,,,,,,,
OWID_AFR,,Africa,4/27/2022,,,,,,,,,,465116621,295510368,224138933,21336996,1376394,783486,32.6,20.71,15.71,1.5,549,498746,0.035,,,,,,,,,,,,,,,,,,,
OWID_AFR,,Africa,4/28/2022,,,,,,,,,,465161997,295532821,224151377,21348889,1353115,882101,32.6,20.71,15.71,1.5,618,481072,0.034,,,,,,,,,,,,,,,,,,,
OWID_AFR,,Africa,4/29/2022,,,,,,,,,,465282194,295560827,224203559,21383914,1394641,988030,32.61,20.72,15.71,1.5,693,464055,0.033,,,,,,,,,,,,,,,,,,,
OWID_AFR,,Africa,4/30/2022,,,,,,,,,,465982604,295750921,224529234,21587208,1366494,1089551,32.66,20.73,15.74,1.51,764,445220,0.031,,,,,,,,,,,,,,,,,,,
OWID_AFR,,Africa,5/1/2022,,,,,,,,,,472659025,297697478,225614951,22139383,1258995,1189733,33.13,20.87,15.81,1.55,834,426376,0.03,,,,,,,,,,,,,,,,,,,
OWID_AFR,,Africa,5/2/2022,,,,,,,,,,472699800,297701936,225635428,22144339,710019,1182454,33.13,20.87,15.81,1.55,829,429257,0.03,,,,,,,,,,,,,,,,,,,
OWID_AFR,,Africa,5/3/2022,,,,,,,,,,472727521,297707275,225649104,22149141,716460,1168020,33.13,20.87,15.82,1.55,819,429692,0.03,,,,,,,,,,,,,,,,,,,
OWID_AFR,,Africa,5/4/2022,,,,,,,,,,472966141,297769765,225749517,22254900,801709,1085922,33.15,20.87,15.82,1.56,761,448682,0.031,,,,,,,,,,,,,,,,,,,
OWID_AFR,,Africa,5/5/2022,,,,,,,,,,473052892,297795614,225777084,22297376,831803,1011449,33.16,20.87,15.82,1.56,709,469002,0.033,,,,,,,,,,,,,,,,,,,
OWID_AFR,,Africa,5/6/2022,,,,,,,,,,473205548,297832073,225860463,22336574,836641,931731,33.17,20.88,15.83,1.57,653,488769,0.034,,,,,,,,,,,,,,,,,,,
OWID_AFR,,Africa,5/7/2022,,,,,,,,,,473326218,297862577,225928672,22364227,851397,858146,33.18,20.88,15.84,1.57,601,509826,0.036,,,,,,,,,,,,,,,,,,,
OWID_AFR,,Africa,5/8/2022,,,,,,,,,,477146144,303978381,228510019,22703506,803525,793079,33.44,21.31,16.02,1.59,556,533375,0.037,,,,,,,,,,,,,,,,,,,
OWID_AFR,,Africa,5/9/2022,,,,,,,,,,477163276,303986522,228514927,22709574,600091,777377,33.44,21.31,16.02,1.59,545,488469,0.034,,,,,,,,,,,,,,,,,,,
OWID_AFR,,Africa,5/10/2022,,,,,,,,,,477424879,304032124,228656777,22759277,752594,782534,33.46,21.31,16.03,1.6,548,448452,0.031,,,,,,,,,,,,,,,,,,,
OWID_AFR,,Africa,5/11/2022,,,,,,,,,,477560265,304080460,228716801,22792778,724136,771452,33.47,21.31,16.03,1.6,541,405920,0.028,,,,,,,,,,,,,,,,,,,
OWID_AFR,,Africa,5/12/2022,,,,,,,,,,477743660,304139361,228805400,22835205,767290,762240,33.49,21.32,16.04,1.6,534,363607,0.025,,,,,,,,,,,,,,,,,,,
OWID_AFR,,Africa,5/13/2022,,,,,,,,,,477930307,304181143,228903921,22870945,730616,747093,33.5,21.32,16.04,1.6,524,318579,0.022,,,,,,,,,,,,,,,,,,,
OWID_AFR,,Africa,5/14/2022,,,,,,,,,,478597738,304367508,229191583,23071277,796127,739198,33.54,21.33,16.06,1.62,518,276655,0.019,,,,,,,,,,,,,,,,,,,
OWID_AFR,,Africa,5/15/2022,,,,,,,,,,480832342,304854890,231155320,23274028,814150,740715,33.7,21.37,16.2,1.63,519,236516,0.017,,,,,,,,,,,,,,,,,,,
OWID_AFR,,Africa,5/16/2022,,,,,,,,,,481028943,304892765,231265657,23292723,1456983,863128,33.72,21.37,16.21,1.63,605,256503,0.018,,,,,,,,,,,,,,,,,,,
OWID_AFR,,Africa,5/17/2022,,,,,,,,,,481114421,304924599,231301092,23318505,1472323,965947,33.72,21.37,16.21,1.63,677,270469,0.019,,,,,,,,,,,,,,,,,,,
OWID_AFR,,Africa,5/18/2022,,,,,,,,,,481289169,305001564,231395579,23359552,1528784,1080894,33.73,21.38,16.22,1.64,758,285556,0.02,,,,,,,,,,,,,,,,,,,
OWID_AFR,,Africa,5/19/2022,,,,,,,,,,481387677,305033016,231435398,23393156,1479961,1182706,33.74,21.38,16.22,1.64,829,297164,0.021,,,,,,,,,,,,,,,,,,,
OWID_AFR,,Africa,5/20/2022,,,,,,,,,,481829759,305068225,231677935,23418060,1467643,1287995,33.77,21.38,16.24,1.64,903,312459,0.022,,,,,,,,,,,,,,,,,,,
OWID_AFR,,Africa,5/21/2022,,,,,,,,,,481916557,305098346,231715284,23442703,1516455,1390899,33.78,21.38,16.24,1.64,975,323665,0.023,,,,,,,,,,,,,,,,,,,
OWID_AFR,,Africa,5/22/2022,,,,,,,,,,494080794,307748342,234099932,23613249,1461717,1483410,34.63,21.57,16.41,1.66,1040,332099,0.023,,,,,,,,,,,,,,,,,,,
OWID_AFR,,Africa,5/23/2022,,,,,,,,,,494223426,307759771,234125095,23667110,908365,1405033,34.64,21.57,16.41,1.66,985,345131,0.024,,,,,,,,,,,,,,,,,,,