iso_code,continent,location,date,population,total_cases,new_cases,new_cases_smoothed,total_deaths,new_deaths,new_deaths_smoothed,total_cases_per_million,new_cases_per_million,new_cases_smoothed_per_million,total_deaths_per_million,new_deaths_per_million,new_deaths_smoothed_per_million,reproduction_rate,icu_patients,icu_patients_per_million,hosp_patients,hosp_patients_per_million,weekly_icu_admissions,weekly_icu_admissions_per_million,weekly_hosp_admissions,weekly_hosp_admissions_per_million
BEL,Europe,Belgium,3/15/2020,11655923,1362,1046,149.429,9,9,1.286,116.85,89.74,12.82,0.772,0.772,0.11,2.38,53,4.547,263,22.564,,,221,18.96
BEL,Europe,Belgium,3/16/2020,11655923,1362,0,149.429,9,0,1.286,116.85,0,12.82,0.772,0,0.11,2.35,79,6.778,370,31.744,,,308,26.424
BEL,Europe,Belgium,3/17/2020,11655923,1362,0,149.429,9,0,1.286,116.85,0,12.82,0.772,0,0.11,2.31,100,8.579,493,42.296,,,433,37.148
BEL,Europe,Belgium,3/18/2020,11655923,1362,0,149.429,9,0,1.286,116.85,0,12.82,0.772,0,0.11,2.28,130,11.153,646,55.422,,,605,51.905
BEL,Europe,Belgium,3/19/2020,11655923,1362,0,149.429,9,0,1.286,116.85,0,12.82,0.772,0,0.11,2.24,164,14.07,840,72.066,,,792,67.948
BEL,Europe,Belgium,3/20/2020,11655923,1362,0,149.429,9,0,1.286,116.85,0,12.82,0.772,0,0.11,2.2,229,19.647,1108,95.059,,,1025,87.938
BEL,Europe,Belgium,3/21/2020,11655923,1362,0,149.429,9,0,1.286,116.85,0,12.82,0.772,0,0.11,2.16,290,24.88,1384,118.738,,,1291,110.759
BEL,Europe,Belgium,3/22/2020,11655923,4473,3111,444.429,149,140,20,383.753,266.903,38.129,12.783,12.011,1.716,2.13,326,27.969,1661,142.503,,,1499,128.604
BEL,Europe,Belgium,3/23/2020,11655923,4473,0,444.429,149,0,20,383.753,0,38.129,12.783,0,1.716,2.09,385,33.03,1883,161.549,,,1679,144.047
BEL,Europe,Belgium,3/24/2020,11655923,4473,0,444.429,149,0,20,383.753,0,38.129,12.783,0,1.716,2.05,487,41.781,2204,189.088,,,1974,169.356
BEL,Europe,Belgium,3/25/2020,11655923,4473,0,444.429,149,0,20,383.753,0,38.129,12.783,0,1.716,2.01,612,52.505,2721,233.444,,,2338,200.585
BEL,Europe,Belgium,3/26/2020,11655923,4473,0,444.429,149,0,20,383.753,0,38.129,12.783,0,1.716,1.97,699,59.97,3111,266.903,,,2619,224.693
BEL,Europe,Belgium,3/27/2020,11655923,4473,0,444.429,149,0,20,383.753,0,38.129,12.783,0,1.716,1.92,789,67.691,3649,313.06,,,2912,249.83
BEL,Europe,Belgium,3/28/2020,11655923,4473,0,444.429,149,0,20,383.753,0,38.129,12.783,0,1.716,1.87,867,74.383,4088,350.723,,,3232,277.284
BEL,Europe,Belgium,3/29/2020,11655923,12031,7558,1079.714,751,602,86,1032.179,648.426,92.632,64.431,51.648,7.378,1.82,961,82.447,4536,389.158,,,3499,300.191
BEL,Europe,Belgium,3/30/2020,11655923,12031,0,1079.714,751,0,86,1032.179,0,92.632,64.431,0,7.378,1.76,1021,87.595,4897,420.13,,,3717,318.894
BEL,Europe,Belgium,3/31/2020,11655923,12031,0,1079.714,751,0,86,1032.179,0,92.632,64.431,0,7.378,1.71,1088,93.343,4988,427.937,,,3847,330.047
BEL,Europe,Belgium,4/1/2020,11655923,12031,0,1079.714,751,0,86,1032.179,0,92.632,64.431,0,7.378,1.65,1144,98.148,5219,447.755,,,3903,334.851
BEL,Europe,Belgium,4/2/2020,11655923,12031,0,1079.714,751,0,86,1032.179,0,92.632,64.431,0,7.378,1.6,1205,103.381,5398,463.112,,,3981,341.543
BEL,Europe,Belgium,4/3/2020,11655923,12031,0,1079.714,751,0,86,1032.179,0,92.632,64.431,0,7.378,1.55,1256,107.756,5562,477.182,,,3896,334.251
BEL,Europe,Belgium,4/4/2020,11655923,12031,0,1079.714,751,0,86,1032.179,0,92.632,64.431,0,7.378,1.5,1261,108.185,5531,474.523,,,3756,322.24
BEL,Europe,Belgium,4/5/2020,11655923,21665,9634,1376.286,2108,1357,193.857,1858.712,826.533,118.076,180.852,116.421,16.632,1.46,1267,108.7,5620,482.158,,,3571,306.368
BEL,Europe,Belgium,4/6/2020,11655923,21665,0,1376.286,2108,0,193.857,1858.712,0,118.076,180.852,0,16.632,1.43,1260,108.1,5759,494.084,,,3409,292.469
BEL,Europe,Belgium,4/7/2020,11655923,21665,0,1376.286,2108,0,193.857,1858.712,0,118.076,180.852,0,16.632,1.39,1276,109.472,5710,489.88,,,3334,286.035
BEL,Europe,Belgium,4/8/2020,11655923,21665,0,1376.286,2108,0,193.857,1858.712,0,118.076,180.852,0,16.632,1.35,1286,110.33,5620,482.158,,,3199,274.453
BEL,Europe,Belgium,4/9/2020,11655923,21665,0,1376.286,2108,0,193.857,1858.712,0,118.076,180.852,0,16.632,1.31,1279,109.73,5640,483.874,,,3094,265.444
BEL,Europe,Belgium,4/10/2020,11655923,21665,0,1376.286,2108,0,193.857,1858.712,0,118.076,180.852,0,16.632,1.27,1262,108.271,5663,485.847,,,3023,259.353
BEL,Europe,Belgium,4/11/2020,11655923,21665,0,1376.286,2108,0,193.857,1858.712,0,118.076,180.852,0,16.632,1.24,1251,107.327,5538,475.123,,,2913,249.916
BEL,Europe,Belgium,4/12/2020,11655923,32874,11209,1601.286,4046,1938,276.857,2820.369,961.657,137.38,347.12,166.267,23.752,1.21,1253,107.499,5542,475.466,,,2830,242.795
BEL,Europe,Belgium,4/13/2020,11655923,32874,0,1601.286,4046,0,276.857,2820.369,0,137.38,347.12,0,23.752,1.19,1226,105.183,5554,476.496,,,2750,235.932
BEL,Europe,Belgium,4/14/2020,11655923,32874,0,1601.286,4046,0,276.857,2820.369,0,137.38,347.12,0,23.752,1.16,1204,103.295,5532,474.608,,,2528,216.885
BEL,Europe,Belgium,4/15/2020,11655923,32874,0,1601.286,4046,0,276.857,2820.369,0,137.38,347.12,0,23.752,1.14,1182,101.408,5331,457.364,,,2381,204.274
BEL,Europe,Belgium,4/16/2020,11655923,32874,0,1601.286,4046,0,276.857,2820.369,0,137.38,347.12,0,23.752,1.1,1150,98.662,5181,444.495,,,2227,191.062
BEL,Europe,Belgium,4/17/2020,11655923,32874,0,1601.286,4046,0,276.857,2820.369,0,137.38,347.12,0,23.752,1.07,1119,96.003,5088,436.516,,,2102,180.337
BEL,Europe,Belgium,4/18/2020,11655923,32874,0,1601.286,4046,0,276.857,2820.369,0,137.38,347.12,0,23.752,1.05,1081,92.743,4889,419.443,,,1975,169.442
BEL,Europe,Belgium,4/19/2020,11655923,41225,8351,1193,5866,1820,260,3536.828,716.46,102.351,503.263,156.144,22.306,1.03,1071,91.885,4940,423.819,,,1925,165.152
BEL,Europe,Belgium,4/20/2020,11655923,41225,0,1193,5866,0,260,3536.828,0,102.351,503.263,0,22.306,1.01,1079,92.571,4996,428.623,,,1865,160.004
BEL,Europe,Belgium,4/21/2020,11655923,41225,0,1193,5866,0,260,3536.828,0,102.351,503.263,0,22.306,0.98,1020,87.509,4765,408.805,,,1874,160.777
BEL,Europe,Belgium,4/22/2020,11655923,41225,0,1193,5866,0,260,3536.828,0,102.351,503.263,0,22.306,0.96,993,85.193,4527,388.386,,,1773,152.112
BEL,Europe,Belgium,4/23/2020,11655923,41225,0,1193,5866,0,260,3536.828,0,102.351,503.263,0,22.306,0.93,970,83.219,4353,373.458,,,1664,142.76
BEL,Europe,Belgium,4/24/2020,11655923,41225,0,1193,5866,0,260,3536.828,0,102.351,503.263,0,22.306,0.91,934,80.131,4195,359.903,,,1579,135.468
BEL,Europe,Belgium,4/25/2020,11655923,41225,0,1193,5866,0,260,3536.828,0,102.351,503.263,0,22.306,0.89,901,77.3,3957,339.484,,,1517,130.148
BEL,Europe,Belgium,4/26/2020,11655923,47500,6275,896.429,7151,1285,183.571,4075.181,538.353,76.908,613.508,110.244,15.749,0.87,903,77.471,3968,340.428,,,1420,121.826
BEL,Europe,Belgium,4/27/2020,11655923,47500,0,896.429,7151,0,183.571,4075.181,0,76.908,613.508,0,15.749,0.85,876,75.155,3976,341.114,,,1365,117.108
BEL,Europe,Belgium,4/28/2020,11655923,47500,0,896.429,7151,0,183.571,4075.181,0,76.908,613.508,0,15.749,0.83,797,68.377,3733,320.266,,,1268,108.786
BEL,Europe,Belgium,4/29/2020,11655923,47500,0,896.429,7151,0,183.571,4075.181,0,76.908,613.508,0,15.749,0.82,769,65.975,3609,309.628,,,1237,106.126
BEL,Europe,Belgium,4/30/2020,11655923,47500,0,896.429,7151,0,183.571,4075.181,0,76.908,613.508,0,15.749,0.8,749,64.259,3386,290.496,,,1186,101.751
BEL,Europe,Belgium,5/1/2020,11655923,47500,0,896.429,7151,0,183.571,4075.181,0,76.908,613.508,0,15.749,0.79,690,59.197,3109,266.731,,,1099,94.287
BEL,Europe,Belgium,5/2/2020,11655923,47500,0,896.429,7151,0,183.571,4075.181,0,76.908,613.508,0,15.749,0.78,684,58.683,3080,264.243,,,978,83.906
BEL,Europe,Belgium,5/3/2020,11655923,50762,3262,466,7981,830,118.571,4355.039,279.858,39.98,684.716,71.208,10.173,0.77,655,56.195,3044,261.155,,,910,78.072
BEL,Europe,Belgium,5/4/2020,11655923,50762,0,466,7981,0,118.571,4355.039,0,39.98,684.716,0,10.173,0.77,646,55.422,3080,264.243,,,873,74.898
BEL,Europe,Belgium,5/5/2020,11655923,50762,0,466,7981,0,118.571,4355.039,0,39.98,684.716,0,10.173,0.77,582,49.932,2868,246.055,,,831,71.294
BEL,Europe,Belgium,5/6/2020,11655923,50762,0,466,7981,0,118.571,4355.039,0,39.98,684.716,0,10.173,0.76,542,46.5,2699,231.556,,,747,64.088
BEL,Europe,Belgium,5/7/2020,11655923,50762,0,466,7981,0,118.571,4355.039,0,39.98,684.716,0,10.173,0.76,508,43.583,2555,219.202,,,716,61.428
BEL,Europe,Belgium,5/8/2020,11655923,50762,0,466,7981,0,118.571,4355.039,0,39.98,684.716,0,10.173,0.76,502,43.068,2381,204.274,,,661,56.709
BEL,Europe,Belgium,5/9/2020,11655923,50762,0,466,7981,0,118.571,4355.039,0,39.98,684.716,0,10.173,0.76,475,40.752,2222,190.633,,,664,56.967
BEL,Europe,Belgium,5/10/2020,11655923,53881,3119,445.571,8552,571,81.571,4622.628,267.589,38.227,733.704,48.988,6.998,0.76,477,40.923,2222,190.633,,,664,56.967
BEL,Europe,Belgium,5/11/2020,11655923,53881,0,445.571,8552,0,81.571,4622.628,0,38.227,733.704,0,6.998,0.75,465,39.894,2230,191.319,,,620,53.192
BEL,Europe,Belgium,5/12/2020,11655923,53881,0,445.571,8552,0,81.571,4622.628,0,38.227,733.704,0,6.998,0.75,427,36.634,2085,178.879,,,571,48.988
BEL,Europe,Belgium,5/13/2020,11655923,53881,0,445.571,8552,0,81.571,4622.628,0,38.227,733.704,0,6.998,0.74,407,34.918,1966,168.67,,,553,47.444
BEL,Europe,Belgium,5/14/2020,11655923,53881,0,445.571,8552,0,81.571,4622.628,0,38.227,733.704,0,6.998,0.74,380,32.601,1862,159.747,,,497,42.639
BEL,Europe,Belgium,5/15/2020,11655923,53881,0,445.571,8552,0,81.571,4622.628,0,38.227,733.704,0,6.998,0.74,364,31.229,1750,150.138,,,483,41.438
BEL,Europe,Belgium,5/16/2020,11655923,53881,0,445.571,8552,0,81.571,4622.628,0,38.227,733.704,0,6.998,0.74,345,29.599,1625,139.414,,,460,39.465
BEL,Europe,Belgium,5/17/2020,11655923,56082,2201,314.429,8966,414,59.143,4811.459,188.831,26.976,769.223,35.518,5.074,0.74,342,29.341,1614,138.47,,,443,38.006
BEL,Europe,Belgium,5/18/2020,11655923,56082,0,314.429,8966,0,59.143,4811.459,0,26.976,769.223,0,5.074,0.74,345,29.599,1630,139.843,,,447,38.35
BEL,Europe,Belgium,5/19/2020,11655923,56082,0,314.429,8966,0,59.143,4811.459,0,26.976,769.223,0,5.074,0.74,313,26.853,1527,131.006,,,432,37.063
BEL,Europe,Belgium,5/20/2020,11655923,56082,0,314.429,8966,0,59.143,4811.459,0,26.976,769.223,0,5.074,0.74,277,23.765,1448,124.229,,,426,36.548
BEL,Europe,Belgium,5/21/2020,11655923,56082,0,314.429,8966,0,59.143,4811.459,0,26.976,769.223,0,5.074,0.74,268,22.993,1388,119.081,,,423,36.291
BEL,Europe,Belgium,5/22/2020,11655923,56082,0,314.429,8966,0,59.143,4811.459,0,26.976,769.223,0,5.074,0.74,259,22.22,1360,116.679,,,395,33.888
BEL,Europe,Belgium,5/23/2020,11655923,56082,0,314.429,8966,0,59.143,4811.459,0,26.976,769.223,0,5.074,0.74,256,21.963,1296,111.188,,,389,33.374
BEL,Europe,Belgium,5/24/2020,11655923,57622,1540,220,9212,246,35.143,4943.581,132.122,18.875,790.328,21.105,3.015,0.74,251,21.534,1306,112.046,,,375,32.172
BEL,Europe,Belgium,5/25/2020,11655923,57622,0,220,9212,0,35.143,4943.581,0,18.875,790.328,0,3.015,0.74,249,21.363,1304,111.874,,,362,31.057
BEL,Europe,Belgium,5/26/2020,11655923,57622,0,220,9212,0,35.143,4943.581,0,18.875,790.328,0,3.015,0.74,223,19.132,1150,98.662,,,342,29.341
BEL,Europe,Belgium,5/27/2020,11655923,57622,0,220,9212,0,35.143,4943.581,0,18.875,790.328,0,3.015,0.74,209,17.931,1050,90.083,,,318,27.282
BEL,Europe,Belgium,5/28/2020,11655923,57622,0,220,9212,0,35.143,4943.581,0,18.875,790.328,0,3.015,0.74,187,16.043,939,80.56,,,283,24.28
BEL,Europe,Belgium,5/29/2020,11655923,57622,0,220,9212,0,35.143,4943.581,0,18.875,790.328,0,3.015,0.74,173,14.842,892,76.528,,,274,23.507
BEL,Europe,Belgium,5/30/2020,11655923,57622,0,220,9212,0,35.143,4943.581,0,18.875,790.328,0,3.015,0.74,168,14.413,823,70.608,,,260,22.306
BEL,Europe,Belgium,5/31/2020,11655923,58854,1232,176,9393,181,25.857,5049.278,105.697,15.1,805.856,15.529,2.218,0.74,164,14.07,818,70.179,,,255,21.877
BEL,Europe,Belgium,6/1/2020,11655923,58854,0,176,9393,0,25.857,5049.278,0,15.1,805.856,0,2.218,0.75,166,14.242,821,70.436,,,245,21.019
BEL,Europe,Belgium,6/2/2020,11655923,58854,0,176,9393,0,25.857,5049.278,0,15.1,805.856,0,2.218,0.75,172,14.756,821,70.436,,,242,20.762
BEL,Europe,Belgium,6/3/2020,11655923,58854,0,176,9393,0,25.857,5049.278,0,15.1,805.856,0,2.218,0.75,145,12.44,739,63.401,,,211,18.102
BEL,Europe,Belgium,6/4/2020,11655923,58854,0,176,9393,0,25.857,5049.278,0,15.1,805.856,0,2.218,0.76,137,11.754,702,60.227,,,217,18.617
BEL,Europe,Belgium,6/5/2020,11655923,58854,0,176,9393,0,25.857,5049.278,0,15.1,805.856,0,2.218,0.77,121,10.381,647,55.508,,,219,18.789
BEL,Europe,Belgium,6/6/2020,11655923,58854,0,176,9393,0,25.857,5049.278,0,15.1,805.856,0,2.218,0.78,111,9.523,573,49.16,,,200,17.159
BEL,Europe,Belgium,6/7/2020,11655923,59689,835,119.286,9534,141,20.143,5120.916,71.637,10.234,817.953,12.097,1.728,0.78,116,9.952,576,49.417,,,198,16.987
BEL,Europe,Belgium,6/8/2020,11655923,59689,0,119.286,9534,0,20.143,5120.916,0,10.234,817.953,0,1.728,0.79,115,9.866,575,49.331,,,187,16.043
BEL,Europe,Belgium,6/9/2020,11655923,59689,0,119.286,9534,0,20.143,5120.916,0,10.234,817.953,0,1.728,0.8,102,8.751,527,45.213,,,175,15.014
BEL,Europe,Belgium,6/10/2020,11655923,59689,0,119.286,9534,0,20.143,5120.916,0,10.234,817.953,0,1.728,0.8,99,8.494,484,41.524,,,173,14.842
BEL,Europe,Belgium,6/11/2020,11655923,59689,0,119.286,9534,0,20.143,5120.916,0,10.234,817.953,0,1.728,0.81,89,7.636,479,41.095,,,172,14.756
BEL,Europe,Belgium,6/12/2020,11655923,59689,0,119.286,9534,0,20.143,5120.916,0,10.234,817.953,0,1.728,0.82,88,7.55,425,36.462,,,167,14.327
BEL,Europe,Belgium,6/13/2020,11655923,59689,0,119.286,9534,0,20.143,5120.916,0,10.234,817.953,0,1.728,0.82,82,7.035,395,33.888,,,155,13.298
BEL,Europe,Belgium,6/14/2020,11655923,60411,722,103.143,9613,79,11.286,5182.859,61.943,8.849,824.731,6.778,0.968,0.83,85,7.292,400,34.317,,,147,12.612
BEL,Europe,Belgium,6/15/2020,11655923,60411,0,103.143,9613,0,11.286,5182.859,0,8.849,824.731,0,0.968,0.84,76,6.52,395,33.888,,,141,12.097
BEL,Europe,Belgium,6/16/2020,11655923,60411,0,103.143,9613,0,11.286,5182.859,0,8.849,824.731,0,0.968,0.85,67,5.748,371,31.829,,,144,12.354
BEL,Europe,Belgium,6/17/2020,11655923,60411,0,103.143,9613,0,11.286,5182.859,0,8.849,824.731,0,0.968,0.86,60,5.148,344,29.513,,,143,12.268
BEL,Europe,Belgium,6/18/2020,11655923,60411,0,103.143,9613,0,11.286,5182.859,0,8.849,824.731,0,0.968,0.87,52,4.461,340,29.17,,,131,11.239
BEL,Europe,Belgium,6/19/2020,11655923,60411,0,103.143,9613,0,11.286,5182.859,0,8.849,824.731,0,0.968,0.89,50,4.29,308,26.424,,,127,10.896
BEL,Europe,Belgium,6/20/2020,11655923,60411,0,103.143,9613,0,11.286,5182.859,0,8.849,824.731,0,0.968,0.9,53,4.547,292,25.052,,,134,11.496
BEL,Europe,Belgium,6/21/2020,11655923,61080,669,95.571,9657,44,6.286,5240.254,57.396,8.199,828.506,3.775,0.539,0.91,50,4.29,295,25.309,,,130,11.153
BEL,Europe,Belgium,6/22/2020,11655923,61080,0,95.571,9657,0,6.286,5240.254,0,8.199,828.506,0,0.539,0.94,42,3.603,293,25.137,,,132,11.325
BEL,Europe,Belgium,6/23/2020,11655923,61080,0,95.571,9657,0,6.286,5240.254,0,8.199,828.506,0,0.539,0.96,41,3.518,281,24.108,,,117,10.038
BEL,Europe,Belgium,6/24/2020,11655923,61080,0,95.571,9657,0,6.286,5240.254,0,8.199,828.506,0,0.539,0.97,40,3.432,268,22.993,,,114,9.78
BEL,Europe,Belgium,6/25/2020,11655923,61080,0,95.571,9657,0,6.286,5240.254,0,8.199,828.506,0,0.539,0.98,38,3.26,256,21.963,,,114,9.78
BEL,Europe,Belgium,6/26/2020,11655923,61080,0,95.571,9657,0,6.286,5240.254,0,8.199,828.506,0,0.539,0.99,36,3.089,247,21.191,,,111,9.523
BEL,Europe,Belgium,6/27/2020,11655923,61080,0,95.571,9657,0,6.286,5240.254,0,8.199,828.506,0,0.539,1,34,2.917,237,20.333,,,109,9.351
BEL,Europe,Belgium,6/28/2020,11655923,61692,612,87.429,9697,40,5.714,5292.76,52.505,7.501,831.938,3.432,0.49,1.01,36,3.089,237,20.333,,,104,8.923
BEL,Europe,Belgium,6/29/2020,11655923,61692,0,87.429,9697,0,5.714,5292.76,0,7.501,831.938,0,0.49,1.02,41,3.518,244,20.934,,,104,8.923
BEL,Europe,Belgium,6/30/2020,11655923,61692,0,87.429,9697,0,5.714,5292.76,0,7.501,831.938,0,0.49,1.03,37,3.174,222,19.046,,,109,9.351
BEL,Europe,Belgium,7/1/2020,11655923,61692,0,87.429,9697,0,5.714,5292.76,0,7.501,831.938,0,0.49,1.04,36,3.089,203,17.416,,,102,8.751
BEL,Europe,Belgium,7/2/2020,11655923,61692,0,87.429,9697,0,5.714,5292.76,0,7.501,831.938,0,0.49,1.06,35,3.003,187,16.043,,,94,8.065
BEL,Europe,Belgium,7/3/2020,11655923,61692,0,87.429,9697,0,5.714,5292.76,0,7.501,831.938,0,0.49,1.07,32,2.745,168,14.413,,,82,7.035
BEL,Europe,Belgium,7/4/2020,11655923,61692,0,87.429,9697,0,5.714,5292.76,0,7.501,831.938,0,0.49,1.09,29,2.488,170,14.585,,,82,7.035
BEL,Europe,Belgium,7/5/2020,11655923,62306,614,87.714,9730,33,4.714,5345.437,52.677,7.525,834.769,2.831,0.404,1.11,30,2.574,170,14.585,,,82,7.035
BEL,Europe,Belgium,7/6/2020,11655923,62306,0,87.714,9730,0,4.714,5345.437,0,7.525,834.769,0,0.404,1.12,27,2.316,169,14.499,,,78,6.692
BEL,Europe,Belgium,7/7/2020,11655923,62306,0,87.714,9730,0,4.714,5345.437,0,7.525,834.769,0,0.404,1.13,32,2.745,178,15.271,,,78,6.692
BEL,Europe,Belgium,7/8/2020,11655923,62306,0,87.714,9730,0,4.714,5345.437,0,7.525,834.769,0,0.404,1.15,32,2.745,165,14.156,,,78,6.692
BEL,Europe,Belgium,7/9/2020,11655923,62306,0,87.714,9730,0,4.714,5345.437,0,7.525,834.769,0,0.404,1.17,36,3.089,160,13.727,,,76,6.52
BEL,Europe,Belgium,7/10/2020,11655923,62306,0,87.714,9730,0,4.714,5345.437,0,7.525,834.769,0,0.404,1.2,32,2.745,143,12.268,,,76,6.52
BEL,Europe,Belgium,7/11/2020,11655923,62306,0,87.714,9730,0,4.714,5345.437,0,7.525,834.769,0,0.404,1.23,28,2.402,132,11.325,,,71,6.091
BEL,Europe,Belgium,7/12/2020,11655923,62993,687,98.143,9743,13,1.857,5404.377,58.94,8.42,835.884,1.115,0.159,1.25,27,2.316,130,11.153,,,71,6.091
BEL,Europe,Belgium,7/13/2020,11655923,62993,0,98.143,9743,0,1.857,5404.377,0,8.42,835.884,0,0.159,1.27,23,1.973,138,11.839,,,70,6.006
BEL,Europe,Belgium,7/14/2020,11655923,62993,0,98.143,9743,0,1.857,5404.377,0,8.42,835.884,0,0.159,1.29,27,2.316,147,12.612,,,71,6.091
BEL,Europe,Belgium,7/15/2020,11655923,62993,0,98.143,9743,0,1.857,5404.377,0,8.42,835.884,0,0.159,1.32,27,2.316,150,12.869,,,73,6.263
BEL,Europe,Belgium,7/16/2020,11655923,62993,0,98.143,9743,0,1.857,5404.377,0,8.42,835.884,0,0.159,1.35,28,2.402,147,12.612,,,75,6.434
BEL,Europe,Belgium,7/17/2020,11655923,62993,0,98.143,9743,0,1.857,5404.377,0,8.42,835.884,0,0.159,1.36,28,2.402,145,12.44,,,80,6.863
BEL,Europe,Belgium,7/18/2020,11655923,62993,0,98.143,9743,0,1.857,5404.377,0,8.42,835.884,0,0.159,1.36,30,2.574,161,13.813,,,96,8.236
BEL,Europe,Belgium,7/19/2020,11655923,64289,1296,185.143,9765,22,3.143,5515.565,111.188,15.884,837.771,1.887,0.27,1.37,31,2.66,168,14.413,,,107,9.18
BEL,Europe,Belgium,7/20/2020,11655923,64289,0,185.143,9765,0,3.143,5515.565,0,15.884,837.771,0,0.27,1.39,36,3.089,181,15.529,,,112,9.609
BEL,Europe,Belgium,7/21/2020,11655923,64289,0,185.143,9765,0,3.143,5515.565,0,15.884,837.771,0,0.27,1.39,33,2.831,172,14.756,,,103,8.837
BEL,Europe,Belgium,7/22/2020,11655923,64289,0,185.143,9765,0,3.143,5515.565,0,15.884,837.771,0,0.27,1.39,41,3.518,191,16.387,,,115,9.866
BEL,Europe,Belgium,7/23/2020,11655923,64289,0,185.143,9765,0,3.143,5515.565,0,15.884,837.771,0,0.27,1.39,40,3.432,203,17.416,,,135,11.582
BEL,Europe,Belgium,7/24/2020,11655923,64289,0,185.143,9765,0,3.143,5515.565,0,15.884,837.771,0,0.27,1.39,41,3.518,218,18.703,,,158,13.555
BEL,Europe,Belgium,7/25/2020,11655923,64289,0,185.143,9765,0,3.143,5515.565,0,15.884,837.771,0,0.27,1.4,44,3.775,210,18.017,,,157,13.47
BEL,Europe,Belgium,7/26/2020,11655923,66559,2270,324.286,9782,17,2.429,5710.316,194.751,27.822,839.23,1.458,0.208,1.39,47,4.032,211,18.102,,,155,13.298
BEL,Europe,Belgium,7/27/2020,11655923,66559,0,324.286,9782,0,2.429,5710.316,0,27.822,839.23,0,0.208,1.39,52,4.461,222,19.046,,,169,14.499
BEL,Europe,Belgium,7/28/2020,11655923,66559,0,324.286,9782,0,2.429,5710.316,0,27.822,839.23,0,0.208,1.38,49,4.204,232,19.904,,,201,17.244
BEL,Europe,Belgium,7/29/2020,11655923,66559,0,324.286,9782,0,2.429,5710.316,0,27.822,839.23,0,0.208,1.38,47,4.032,263,22.564,,,213,18.274
BEL,Europe,Belgium,7/30/2020,11655923,66559,0,324.286,9782,0,2.429,5710.316,0,27.822,839.23,0,0.208,1.37,42,3.603,267,22.907,,,210,18.017
BEL,Europe,Belgium,7/31/2020,11655923,66559,0,324.286,9782,0,2.429,5710.316,0,27.822,839.23,0,0.208,1.35,48,4.118,253,21.706,,,195,16.73
BEL,Europe,Belgium,8/1/2020,11655923,66559,0,324.286,9782,0,2.429,5710.316,0,27.822,839.23,0,0.208,1.33,56,4.804,259,22.22,,,198,16.987
BEL,Europe,Belgium,8/2/2020,11655923,70274,3715,530.714,9802,20,2.857,6029.038,318.722,45.532,840.946,1.716,0.245,1.31,58,4.976,271,23.25,,,211,18.102
BEL,Europe,Belgium,8/3/2020,11655923,70274,0,530.714,9802,0,2.857,6029.038,0,45.532,840.946,0,0.245,1.29,54,4.633,290,24.88,,,212,18.188
BEL,Europe,Belgium,8/4/2020,11655923,70274,0,530.714,9802,0,2.857,6029.038,0,45.532,840.946,0,0.245,1.28,63,5.405,265,22.735,,,191,16.387
BEL,Europe,Belgium,8/5/2020,11655923,70274,0,530.714,9802,0,2.857,6029.038,0,45.532,840.946,0,0.245,1.26,61,5.233,293,25.137,,,206,17.673
BEL,Europe,Belgium,8/6/2020,11655923,70274,0,530.714,9802,0,2.857,6029.038,0,45.532,840.946,0,0.245,1.25,65,5.577,278,23.851,,,209,17.931
BEL,Europe,Belgium,8/7/2020,11655923,70274,0,530.714,9802,0,2.857,6029.038,0,45.532,840.946,0,0.245,1.23,69,5.92,285,24.451,,,223,19.132
BEL,Europe,Belgium,8/8/2020,11655923,70274,0,530.714,9802,0,2.857,6029.038,0,45.532,840.946,0,0.245,1.22,67,5.748,281,24.108,,,232,19.904
BEL,Europe,Belgium,8/9/2020,11655923,74645,4371,624.429,9836,34,4.857,6404.04,375.002,53.572,843.863,2.917,0.417,1.2,69,5.92,285,24.451,,,226,19.389
BEL,Europe,Belgium,8/10/2020,11655923,74645,0,624.429,9836,0,4.857,6404.04,0,53.572,843.863,0,0.417,1.19,73,6.263,312,26.768,,,238,20.419
BEL,Europe,Belgium,8/11/2020,11655923,74645,0,624.429,9836,0,4.857,6404.04,0,53.572,843.863,0,0.417,1.17,77,6.606,307,26.339,,,270,23.164
BEL,Europe,Belgium,8/12/2020,11655923,74645,0,624.429,9836,0,4.857,6404.04,0,53.572,843.863,0,0.417,1.15,76,6.52,301,25.824,,,255,21.877
BEL,Europe,Belgium,8/13/2020,11655923,74645,0,624.429,9836,0,4.857,6404.04,0,53.572,843.863,0,0.417,1.14,74,6.349,309,26.51,,,268,22.993
BEL,Europe,Belgium,8/14/2020,11655923,74645,0,624.429,9836,0,4.857,6404.04,0,53.572,843.863,0,0.417,1.13,80,6.863,312,26.768,,,268,22.993
BEL,Europe,Belgium,8/15/2020,11655923,74645,0,624.429,9836,0,4.857,6404.04,0,53.572,843.863,0,0.417,1.12,82,7.035,309,26.51,,,273,23.422
BEL,Europe,Belgium,8/16/2020,11655923,78527,3882,554.571,9903,67,9.571,6737.09,333.05,47.579,849.611,5.748,0.821,1.11,86,7.378,337,28.912,,,279,23.936
BEL,Europe,Belgium,8/17/2020,11655923,78527,0,554.571,9903,0,9.571,6737.09,0,47.579,849.611,0,0.821,1.1,91,7.807,341,29.256,,,259,22.22
BEL,Europe,Belgium,8/18/2020,11655923,78527,0,554.571,9903,0,9.571,6737.09,0,47.579,849.611,0,0.821,1.09,89,7.636,335,28.741,,,242,20.762
BEL,Europe,Belgium,8/19/2020,11655923,78527,0,554.571,9903,0,9.571,6737.09,0,47.579,849.611,0,0.821,1.08,83,7.121,334,28.655,,,246,21.105
BEL,Europe,Belgium,8/20/2020,11655923,78527,0,554.571,9903,0,9.571,6737.09,0,47.579,849.611,0,0.821,1.08,82,7.035,303,25.995,,,230,19.732
BEL,Europe,Belgium,8/21/2020,11655923,78527,0,554.571,9903,0,9.571,6737.09,0,47.579,849.611,0,0.821,1.07,84,7.207,314,26.939,,,228,19.561
BEL,Europe,Belgium,8/22/2020,11655923,78527,0,554.571,9903,0,9.571,6737.09,0,47.579,849.611,0,0.821,1.07,85,7.292,310,26.596,,,211,18.102
BEL,Europe,Belgium,8/23/2020,11655923,81957,3430,490,9956,53,7.571,7031.361,294.271,42.039,854.158,4.547,0.65,1.06,87,7.464,312,26.768,,,200,17.159
BEL,Europe,Belgium,8/24/2020,11655923,81957,0,490,9956,0,7.571,7031.361,0,42.039,854.158,0,0.65,1.06,89,7.636,320,27.454,,,196,16.815
BEL,Europe,Belgium,8/25/2020,11655923,81957,0,490,9956,0,7.571,7031.361,0,42.039,854.158,0,0.65,1.07,85,7.292,282,24.194,,,173,14.842
BEL,Europe,Belgium,8/26/2020,11655923,81957,0,490,9956,0,7.571,7031.361,0,42.039,854.158,0,0.65,1.07,81,6.949,260,22.306,,,155,13.298
BEL,Europe,Belgium,8/27/2020,11655923,81957,0,490,9956,0,7.571,7031.361,0,42.039,854.158,0,0.65,1.07,82,7.035,257,22.049,,,146,12.526
BEL,Europe,Belgium,8/28/2020,11655923,81957,0,490,9956,0,7.571,7031.361,0,42.039,854.158,0,0.65,1.08,77,6.606,252,21.62,,,134,11.496
BEL,Europe,Belgium,8/29/2020,11655923,81957,0,490,9956,0,7.571,7031.361,0,42.039,854.158,0,0.65,1.09,72,6.177,230,19.732,,,116,9.952
BEL,Europe,Belgium,8/30/2020,11655923,85084,3127,446.714,9987,31,4.429,7299.636,268.276,38.325,856.818,2.66,0.38,1.09,71,6.091,233,19.99,,,112,9.609
BEL,Europe,Belgium,8/31/2020,11655923,85084,0,446.714,9987,0,4.429,7299.636,0,38.325,856.818,0,0.38,1.1,74,6.349,243,20.848,,,113,9.695
BEL,Europe,Belgium,9/1/2020,11655923,85084,0,446.714,9987,0,4.429,7299.636,0,38.325,856.818,0,0.38,1.12,68,5.834,226,19.389,,,129,11.067
BEL,Europe,Belgium,9/2/2020,11655923,85084,0,446.714,9987,0,4.429,7299.636,0,38.325,856.818,0,0.38,1.13,60,5.148,221,18.96,,,134,11.496
BEL,Europe,Belgium,9/3/2020,11655923,85084,0,446.714,9987,0,4.429,7299.636,0,38.325,856.818,0,0.38,1.15,58,4.976,209,17.931,,,126,10.81
BEL,Europe,Belgium,9/4/2020,11655923,85084,0,446.714,9987,0,4.429,7299.636,0,38.325,856.818,0,0.38,1.16,52,4.461,215,18.446,,,129,11.067
BEL,Europe,Belgium,9/5/2020,11655923,85084,0,446.714,9987,0,4.429,7299.636,0,38.325,856.818,0,0.38,1.18,53,4.547,215,18.446,,,137,11.754
BEL,Europe,Belgium,9/6/2020,11655923,88574,3490,498.571,10009,22,3.143,7599.055,299.419,42.774,858.705,1.887,0.27,1.2,53,4.547,223,19.132,,,140,12.011
BEL,Europe,Belgium,9/7/2020,11655923,88574,0,498.571,10009,0,3.143,7599.055,0,42.774,858.705,0,0.27,1.21,52,4.461,235,20.161,,,148,12.697
BEL,Europe,Belgium,9/8/2020,11655923,88574,0,498.571,10009,0,3.143,7599.055,0,42.774,858.705,0,0.27,1.23,59,5.062,260,22.306,,,162,13.899
BEL,Europe,Belgium,9/9/2020,11655923,88574,0,498.571,10009,0,3.143,7599.055,0,42.774,858.705,0,0.27,1.25,60,5.148,250,21.448,,,160,13.727
BEL,Europe,Belgium,9/10/2020,11655923,88574,0,498.571,10009,0,3.143,7599.055,0,42.774,858.705,0,0.27,1.27,65,5.577,249,21.363,,,176,15.1
BEL,Europe,Belgium,9/11/2020,11655923,88574,0,498.571,10009,0,3.143,7599.055,0,42.774,858.705,0,0.27,1.29,67,5.748,254,21.791,,,185,15.872
BEL,Europe,Belgium,9/12/2020,11655923,88574,0,498.571,10009,0,3.143,7599.055,0,42.774,858.705,0,0.27,1.3,68,5.834,260,22.306,,,204,17.502
BEL,Europe,Belgium,9/13/2020,11655923,94291,5717,816.714,10030,21,3,8089.535,490.48,70.069,860.507,1.802,0.257,1.32,71,6.091,293,25.137,,,228,19.561
BEL,Europe,Belgium,9/14/2020,11655923,94291,0,816.714,10030,0,3,8089.535,0,70.069,860.507,0,0.257,1.33,72,6.177,318,27.282,,,236,20.247
BEL,Europe,Belgium,9/15/2020,11655923,94291,0,816.714,10030,0,3,8089.535,0,70.069,860.507,0,0.257,1.34,67,5.748,315,27.025,,,244,20.934
BEL,Europe,Belgium,9/16/2020,11655923,94291,0,816.714,10030,0,3,8089.535,0,70.069,860.507,0,0.257,1.35,74,6.349,353,30.285,,,266,22.821
BEL,Europe,Belgium,9/17/2020,11655923,94291,0,816.714,10030,0,3,8089.535,0,70.069,860.507,0,0.257,1.36,69,5.92,371,31.829,,,286,24.537
BEL,Europe,Belgium,9/18/2020,11655923,94291,0,816.714,10030,0,3,8089.535,0,70.069,860.507,0,0.257,1.36,78,6.692,392,33.631,,,313,26.853
BEL,Europe,Belgium,9/19/2020,11655923,94291,0,816.714,10030,0,3,8089.535,0,70.069,860.507,0,0.257,1.37,78,6.692,421,36.119,,,336,28.827
BEL,Europe,Belgium,9/20/2020,11655923,103963,9672,1381.714,10050,20,2.857,8919.328,829.793,118.542,862.223,1.716,0.245,1.37,77,6.606,432,37.063,,,345,29.599
BEL,Europe,Belgium,9/21/2020,11655923,103963,0,1381.714,10050,0,2.857,8919.328,0,118.542,862.223,0,0.245,1.37,87,7.464,490,42.039,,,372,31.915
BEL,Europe,Belgium,9/22/2020,11655923,103963,0,1381.714,10050,0,2.857,8919.328,0,118.542,862.223,0,0.245,1.37,94,8.065,505,43.326,,,398,34.146
BEL,Europe,Belgium,9/23/2020,11655923,103963,0,1381.714,10050,0,2.857,8919.328,0,118.542,862.223,0,0.245,1.37,95,8.15,550,47.186,,,426,36.548
BEL,Europe,Belgium,9/24/2020,11655923,103963,0,1381.714,10050,0,2.857,8919.328,0,118.542,862.223,0,0.245,1.37,104,8.923,602,51.648,,,470,40.323
BEL,Europe,Belgium,9/25/2020,11655923,103963,0,1381.714,10050,0,2.857,8919.328,0,118.542,862.223,0,0.245,1.37,110,9.437,620,53.192,,,486,41.696
BEL,Europe,Belgium,9/26/2020,11655923,103963,0,1381.714,10050,0,2.857,8919.328,0,118.542,862.223,0,0.245,1.37,120,10.295,626,53.707,,,482,41.352
BEL,Europe,Belgium,9/27/2020,11655923,115108,11145,1592.143,10083,33,4.714,9875.494,956.166,136.595,865.054,2.831,0.404,1.37,135,11.582,654,56.109,,,483,41.438
BEL,Europe,Belgium,9/28/2020,11655923,115108,0,1592.143,10083,0,4.714,9875.494,0,136.595,865.054,0,0.404,1.38,140,12.011,708,60.742,,,496,42.553
BEL,Europe,Belgium,9/29/2020,11655923,115108,0,1592.143,10083,0,4.714,9875.494,0,136.595,865.054,0,0.404,1.39,150,12.869,716,61.428,,,511,43.84
BEL,Europe,Belgium,9/30/2020,11655923,115108,0,1592.143,10083,0,4.714,9875.494,0,136.595,865.054,0,0.404,1.4,157,13.47,739,63.401,,,526,45.127
BEL,Europe,Belgium,10/1/2020,11655923,115108,0,1592.143,10083,0,4.714,9875.494,0,136.595,865.054,0,0.404,1.41,156,13.384,773,66.318,,,523,44.87
BEL,Europe,Belgium,10/2/2020,11655923,115108,0,1592.143,10083,0,4.714,9875.494,0,136.595,865.054,0,0.404,1.42,163,13.984,789,67.691,,,524,44.956
BEL,Europe,Belgium,10/3/2020,11655923,115108,0,1592.143,10083,0,4.714,9875.494,0,136.595,865.054,0,0.404,1.43,185,15.872,819,70.265,,,549,47.101
BEL,Europe,Belgium,10/4/2020,11655923,132993,17885,2555,10159,76,10.857,11409.907,1534.413,219.202,871.574,6.52,0.931,1.44,186,15.958,866,74.297,,,589,50.532
BEL,Europe,Belgium,10/5/2020,11655923,132993,0,2555,10159,0,10.857,11409.907,0,219.202,871.574,0,0.931,1.45,195,16.73,937,80.388,,,606,51.991
BEL,Europe,Belgium,10/6/2020,11655923,132993,0,2555,10159,0,10.857,11409.907,0,219.202,871.574,0,0.931,1.46,189,16.215,952,81.675,,,628,53.878
BEL,Europe,Belgium,10/7/2020,11655923,132993,0,2555,10159,0,10.857,11409.907,0,219.202,871.574,0,0.931,1.47,201,17.244,1050,90.083,,,684,58.683
BEL,Europe,Belgium,10/8/2020,11655923,132993,0,2555,10159,0,10.857,11409.907,0,219.202,871.574,0,0.931,1.48,213,18.274,1110,95.231,,,725,62.2
BEL,Europe,Belgium,10/9/2020,11655923,132993,0,2555,10159,0,10.857,11409.907,0,219.202,871.574,0,0.931,1.48,214,18.36,1191,102.18,,,801,68.72
BEL,Europe,Belgium,10/10/2020,11655923,132993,0,2555,10159,0,10.857,11409.907,0,219.202,871.574,0,0.931,1.49,228,19.561,1260,108.1,,,887,76.099
BEL,Europe,Belgium,10/11/2020,11655923,168317,35324,5046.286,10284,125,17.857,14440.469,3030.562,432.937,882.298,10.724,1.532,1.48,245,21.019,1334,114.448,,,937,80.388
BEL,Europe,Belgium,10/12/2020,11655923,168317,0,5046.286,10284,0,17.857,14440.469,0,432.937,882.298,0,1.532,1.48,268,22.993,1473,126.374,,,1025,87.938
BEL,Europe,Belgium,10/13/2020,11655923,168317,0,5046.286,10284,0,17.857,14440.469,0,432.937,882.298,0,1.532,1.47,281,24.108,1622,139.157,,,1136,97.461
BEL,Europe,Belgium,10/14/2020,11655923,168317,0,5046.286,10284,0,17.857,14440.469,0,432.937,882.298,0,1.532,1.47,313,26.853,1778,152.54,,,1257,107.842
BEL,Europe,Belgium,10/15/2020,11655923,168317,0,5046.286,10284,0,17.857,14440.469,0,432.937,882.298,0,1.532,1.45,327,28.054,1951,167.383,,,1418,121.655
BEL,Europe,Belgium,10/16/2020,11655923,168317,0,5046.286,10284,0,17.857,14440.469,0,432.937,882.298,0,1.532,1.44,358,30.714,2099,180.08,,,1519,130.32
BEL,Europe,Belgium,10/17/2020,11655923,168317,0,5046.286,10284,0,17.857,14440.469,0,432.937,882.298,0,1.532,1.43,384,32.945,2267,194.493,,,1719,147.479
BEL,Europe,Belgium,10/18/2020,11655923,235989,67672,9667.429,10521,237,33.857,20246.273,5805.804,829.401,902.631,20.333,2.905,1.41,412,35.347,2497,214.226,,,1849,158.632
BEL,Europe,Belgium,10/19/2020,11655923,235989,0,9667.429,10521,0,33.857,20246.273,0,829.401,902.631,0,2.905,1.4,446,38.264,2773,237.905,,,1944,166.782
BEL,Europe,Belgium,10/20/2020,11655923,235989,0,9667.429,10521,0,33.857,20246.273,0,829.401,902.631,0,2.905,1.38,487,41.781,2977,255.407,,,2148,184.284
BEL,Europe,Belgium,10/21/2020,11655923,235989,0,9667.429,10521,0,33.857,20246.273,0,829.401,902.631,0,2.905,1.36,525,45.041,3275,280.973,,,2319,198.955
BEL,Europe,Belgium,10/22/2020,11655923,235989,0,9667.429,10521,0,33.857,20246.273,0,829.401,902.631,0,2.905,1.34,573,49.16,3649,313.06,,,2547,218.516
BEL,Europe,Belgium,10/23/2020,11655923,235989,0,9667.429,10521,0,33.857,20246.273,0,829.401,902.631,0,2.905,1.32,633,54.307,4056,347.978,,,2912,249.83
BEL,Europe,Belgium,10/24/2020,11655923,235989,0,9667.429,10521,0,33.857,20246.273,0,829.401,902.631,0,2.905,1.29,694,59.541,4408,378.177,,,3157,270.849
BEL,Europe,Belgium,10/25/2020,11655923,337836,101847,14549.571,10887,366,52.286,28984.062,8737.789,1248.256,934.032,31.4,4.486,1.27,756,64.86,4825,413.953,,,3415,292.984
BEL,Europe,Belgium,10/26/2020,11655923,337836,0,14549.571,10887,0,52.286,28984.062,0,1248.256,934.032,0,4.486,1.24,812,69.664,5268,451.959,,,3686,316.234
BEL,Europe,Belgium,10/27/2020,11655923,337836,0,14549.571,10887,0,52.286,28984.062,0,1248.256,934.032,0,4.486,1.21,912,78.243,5548,475.981,,,3965,340.17
BEL,Europe,Belgium,10/28/2020,11655923,337836,0,14549.571,10887,0,52.286,28984.062,0,1248.256,934.032,0,4.486,1.18,994,85.279,5924,508.239,,,4287,367.796
BEL,Europe,Belgium,10/29/2020,11655923,337836,0,14549.571,10887,0,52.286,28984.062,0,1248.256,934.032,0,4.486,1.14,1057,90.684,6187,530.803,,,4455,382.209
BEL,Europe,Belgium,10/30/2020,11655923,337836,0,14549.571,10887,0,52.286,28984.062,0,1248.256,934.032,0,4.486,1.11,1105,94.802,6439,552.423,,,4586,393.448
BEL,Europe,Belgium,10/31/2020,11655923,337836,0,14549.571,10887,0,52.286,28984.062,0,1248.256,934.032,0,4.486,1.07,1161,99.606,6502,557.828,,,4683,401.77
BEL,Europe,Belgium,11/1/2020,11655923,444588,106752,15250.286,11802,915,130.714,38142.668,9158.605,1308.372,1012.532,78.501,11.214,1.04,1223,104.925,6824,585.453,,,4732,405.974
BEL,Europe,Belgium,11/2/2020,11655923,444588,0,15250.286,11802,0,130.714,38142.668,0,1308.372,1012.532,0,11.214,1,1302,111.703,7233,620.543,,,4799,411.722
BEL,Europe,Belgium,11/3/2020,11655923,444588,0,15250.286,11802,0,130.714,38142.668,0,1308.372,1012.532,0,11.214,0.97,1353,116.078,7461,640.104,,,4991,428.194
BEL,Europe,Belgium,11/4/2020,11655923,444588,0,15250.286,11802,0,130.714,38142.668,0,1308.372,1012.532,0,11.214,0.94,1412,121.14,7411,635.814,,,4907,420.988
BEL,Europe,Belgium,11/5/2020,11655923,444588,0,15250.286,11802,0,130.714,38142.668,0,1308.372,1012.532,0,11.214,0.91,1428,122.513,7290,625.433,,,4796,411.465
BEL,Europe,Belgium,11/6/2020,11655923,444588,0,15250.286,11802,0,130.714,38142.668,0,1308.372,1012.532,0,11.214,0.88,1459,125.172,7224,619.771,,,4654,399.282
BEL,Europe,Belgium,11/7/2020,11655923,444588,0,15250.286,11802,0,130.714,38142.668,0,1308.372,1012.532,0,11.214,0.86,1464,125.601,6895,591.545,,,4463,382.895
BEL,Europe,Belgium,11/8/2020,11655923,502817,58229,8318.429,13156,1354,193.429,43138.325,4995.658,713.665,1128.697,116.164,16.595,0.84,1470,126.116,6955,596.692,,,4300,368.911
BEL,Europe,Belgium,11/9/2020,11655923,502817,0,8318.429,13156,0,193.429,43138.325,0,713.665,1128.697,0,16.595,0.82,1474,126.459,7221,619.513,,,4131,354.412
BEL,Europe,Belgium,11/10/2020,11655923,502817,0,8318.429,13156,0,193.429,43138.325,0,713.665,1128.697,0,16.595,0.81,1470,126.116,7058,605.529,,,3850,330.304
BEL,Europe,Belgium,11/11/2020,11655923,502817,0,8318.429,13156,0,193.429,43138.325,0,713.665,1128.697,0,16.595,0.79,1463,125.516,6879,590.172,,,3740,320.867
BEL,Europe,Belgium,11/12/2020,11655923,502817,0,8318.429,13156,0,193.429,43138.325,0,713.665,1128.697,0,16.595,0.78,1456,124.915,7010,601.411,,,3577,306.883
BEL,Europe,Belgium,11/13/2020,11655923,502817,0,8318.429,13156,0,193.429,43138.325,0,713.665,1128.697,0,16.595,0.77,1457,125.001,6762,580.134,,,3497,300.019
BEL,Europe,Belgium,11/14/2020,11655923,502817,0,8318.429,13156,0,193.429,43138.325,0,713.665,1128.697,0,16.595,0.76,1423,122.084,6505,558.085,,,3442,295.301
BEL,Europe,Belgium,11/15/2020,11655923,537611,34794,4970.571,14537,1381,197.286,46123.417,2985.092,426.442,1247.177,118.481,16.926,0.76,1439,123.457,6518,559.201,,,3332,285.863
BEL,Europe,Belgium,11/16/2020,11655923,537611,0,4970.571,14537,0,197.286,46123.417,0,426.442,1247.177,0,16.926,0.75,1408,120.797,6580,564.52,,,3174,272.308
BEL,Europe,Belgium,11/17/2020,11655923,537611,0,4970.571,14537,0,197.286,46123.417,0,426.442,1247.177,0,16.926,0.74,1356,116.336,6240,535.35,,,2936,251.889
BEL,Europe,Belgium,11/18/2020,11655923,537611,0,4970.571,14537,0,197.286,46123.417,0,426.442,1247.177,0,16.926,0.74,1323,113.505,5930,508.754,,,2729,234.13
BEL,Europe,Belgium,11/19/2020,11655923,537611,0,4970.571,14537,0,197.286,46123.417,0,426.442,1247.177,0,16.926,0.74,1286,110.33,5651,484.818,,,2678,229.754
BEL,Europe,Belgium,11/20/2020,11655923,537611,0,4970.571,14537,0,197.286,46123.417,0,426.442,1247.177,0,16.926,0.74,1256,107.756,5418,464.828,,,2475,212.338
BEL,Europe,Belgium,11/21/2020,11655923,537611,0,4970.571,14537,0,197.286,46123.417,0,426.442,1247.177,0,16.926,0.74,1201,103.038,5017,430.425,,,2275,195.18
BEL,Europe,Belgium,11/22/2020,11655923,561392,23781,3397.286,15761,1224,174.857,48163.668,2040.25,291.464,1352.188,105.011,15.002,0.74,1194,102.437,5025,431.111,,,2185,187.458
BEL,Europe,Belgium,11/23/2020,11655923,561392,0,3397.286,15761,0,174.857,48163.668,0,291.464,1352.188,0,15.002,0.74,1168,100.207,5076,435.487,,,2111,181.11
BEL,Europe,Belgium,11/24/2020,11655923,561392,0,3397.286,15761,0,174.857,48163.668,0,291.464,1352.188,0,15.002,0.74,1105,94.802,4783,410.349,,,2036,174.675
BEL,Europe,Belgium,11/25/2020,11655923,561392,0,3397.286,15761,0,174.857,48163.668,0,291.464,1352.188,0,15.002,0.75,1071,91.885,4570,392.075,,,1963,168.412
BEL,Europe,Belgium,11/26/2020,11655923,561392,0,3397.286,15761,0,174.857,48163.668,0,291.464,1352.188,0,15.002,0.76,1034,88.71,4376,375.431,,,1857,159.318
BEL,Europe,Belgium,11/27/2020,11655923,561392,0,3397.286,15761,0,174.857,48163.668,0,291.464,1352.188,0,15.002,0.77,997,85.536,4215,361.619,,,1768,151.683
BEL,Europe,Belgium,11/28/2020,11655923,561392,0,3397.286,15761,0,174.857,48163.668,0,291.464,1352.188,0,15.002,0.78,946,81.16,3994,342.658,,,1732,148.594
BEL,Europe,Belgium,11/29/2020,11655923,577740,16348,2335.429,16685,924,132,49566.216,1402.549,200.364,1431.461,79.273,11.325,0.78,904,77.557,3989,342.229,,,1666,142.932
BEL,Europe,Belgium,11/30/2020,11655923,577740,0,2335.429,16685,0,132,49566.216,0,200.364,1431.461,0,11.325,0.79,900,77.214,4014,344.374,,,1578,135.382
BEL,Europe,Belgium,12/1/2020,11655923,577740,0,2335.429,16685,0,132,49566.216,0,200.364,1431.461,0,11.325,0.8,854,73.267,3707,318.036,,,1481,127.06
BEL,Europe,Belgium,12/2/2020,11655923,577740,0,2335.429,16685,0,132,49566.216,0,200.364,1431.461,0,11.325,0.81,829,71.123,3590,307.998,,,1434,123.028
BEL,Europe,Belgium,12/3/2020,11655923,577740,0,2335.429,16685,0,132,49566.216,0,200.364,1431.461,0,11.325,0.82,786,67.434,3417,293.156,,,1373,117.794
BEL,Europe,Belgium,12/4/2020,11655923,577740,0,2335.429,16685,0,132,49566.216,0,200.364,1431.461,0,11.325,0.83,789,67.691,3341,286.635,,,1360,116.679
BEL,Europe,Belgium,12/5/2020,11655923,577740,0,2335.429,16685,0,132,49566.216,0,200.364,1431.461,0,11.325,0.84,753,64.602,3163,271.364,,,1361,116.765
BEL,Europe,Belgium,12/6/2020,11655923,592730,14990,2141.429,17458,773,110.429,50852.258,1286.041,183.72,1497.779,66.318,9.474,0.85,744,63.83,3210,275.396,,,1363,116.936
BEL,Europe,Belgium,12/7/2020,11655923,592730,0,2141.429,17458,0,110.429,50852.258,0,183.72,1497.779,0,9.474,0.86,724,62.114,3272,280.716,,,1387,118.995
BEL,Europe,Belgium,12/8/2020,11655923,592730,0,2141.429,17458,0,110.429,50852.258,0,183.72,1497.779,0,9.474,0.87,677,58.082,3136,269.048,,,1394,119.596
BEL,Europe,Belgium,12/9/2020,11655923,592730,0,2141.429,17458,0,110.429,50852.258,0,183.72,1497.779,0,9.474,0.88,662,56.795,3034,260.297,,,1341,115.049
BEL,Europe,Belgium,12/10/2020,11655923,592730,0,2141.429,17458,0,110.429,50852.258,0,183.72,1497.779,0,9.474,0.89,658,56.452,2961,254.034,,,1352,115.993
BEL,Europe,Belgium,12/11/2020,11655923,592730,0,2141.429,17458,0,110.429,50852.258,0,183.72,1497.779,0,9.474,0.9,646,55.422,2896,248.457,,,1315,112.818
BEL,Europe,Belgium,12/12/2020,11655923,592730,0,2141.429,17458,0,110.429,50852.258,0,183.72,1497.779,0,9.474,0.92,627,53.792,2770,237.647,,,1274,109.301
BEL,Europe,Belgium,12/13/2020,11655923,608727,15997,2285.286,18121,663,94.714,52224.693,1372.435,196.062,1554.66,56.881,8.126,0.93,617,52.934,2861,245.455,,,1310,112.389
BEL,Europe,Belgium,12/14/2020,11655923,608727,0,2285.286,18121,0,94.714,52224.693,0,196.062,1554.66,0,8.126,0.94,615,52.763,2888,247.771,,,1288,110.502
BEL,Europe,Belgium,12/15/2020,11655923,608727,0,2285.286,18121,0,94.714,52224.693,0,196.062,1554.66,0,8.126,0.94,594,50.961,2772,237.819,,,1298,111.36
BEL,Europe,Belgium,12/16/2020,11655923,608727,0,2285.286,18121,0,94.714,52224.693,0,196.062,1554.66,0,8.126,0.94,571,48.988,2707,232.242,,,1314,112.732
BEL,Europe,Belgium,12/17/2020,11655923,608727,0,2285.286,18121,0,94.714,52224.693,0,196.062,1554.66,0,8.126,0.94,562,48.216,2683,230.183,,,1315,112.818
BEL,Europe,Belgium,12/18/2020,11655923,608727,0,2285.286,18121,0,94.714,52224.693,0,196.062,1554.66,0,8.126,0.94,547,46.929,2616,224.435,,,1332,114.277
BEL,Europe,Belgium,12/19/2020,11655923,608727,0,2285.286,18121,0,94.714,52224.693,0,196.062,1554.66,0,8.126,0.93,541,46.414,2523,216.456,,,1345,115.392
BEL,Europe,Belgium,12/20/2020,11655923,626231,17504,2500.571,18776,655,93.571,53726.419,1501.726,214.532,1610.855,56.195,8.028,0.93,543,46.586,2538,217.743,,,1291,110.759
BEL,Europe,Belgium,12/21/2020,11655923,626231,0,2500.571,18776,0,93.571,53726.419,0,214.532,1610.855,0,8.028,0.93,546,46.843,2610,223.92,,,1305,111.96
BEL,Europe,Belgium,12/22/2020,11655923,626231,0,2500.571,18776,0,93.571,53726.419,0,214.532,1610.855,0,8.028,0.92,536,45.985,2557,219.373,,,1299,111.445
BEL,Europe,Belgium,12/23/2020,11655923,626231,0,2500.571,18776,0,93.571,53726.419,0,214.532,1610.855,0,8.028,0.92,512,43.926,2467,211.652,,,1288,110.502
BEL,Europe,Belgium,12/24/2020,11655923,626231,0,2500.571,18776,0,93.571,53726.419,0,214.532,1610.855,0,8.028,0.92,514,44.098,2447,209.936,,,1291,110.759
BEL,Europe,Belgium,12/25/2020,11655923,626231,0,2500.571,18776,0,93.571,53726.419,0,214.532,1610.855,0,8.028,0.92,511,43.84,2282,195.78,,,1241,106.469
BEL,Europe,Belgium,12/26/2020,11655923,626231,0,2500.571,18776,0,93.571,53726.419,0,214.532,1610.855,0,8.028,0.91,493,42.296,2286,196.123,,,1138,97.633
BEL,Europe,Belgium,12/27/2020,11655923,638760,12529,1789.857,19374,598,85.429,54801.323,1074.904,153.558,1662.159,51.304,7.329,0.92,491,42.125,2359,202.386,,,1163,99.778
BEL,Europe,Belgium,12/28/2020,11655923,638760,0,1789.857,19374,0,85.429,54801.323,0,153.558,1662.159,0,7.329,0.92,510,43.755,2440,209.336,,,1174,100.721
BEL,Europe,Belgium,12/29/2020,11655923,638760,0,1789.857,19374,0,85.429,54801.323,0,153.558,1662.159,0,7.329,0.93,498,42.725,2417,207.362,,,1163,99.778
BEL,Europe,Belgium,12/30/2020,11655923,638760,0,1789.857,19374,0,85.429,54801.323,0,153.558,1662.159,0,7.329,0.93,496,42.553,2333,200.156,,,1132,97.118
BEL,Europe,Belgium,12/31/2020,11655923,638760,0,1789.857,19374,0,85.429,54801.323,0,153.558,1662.159,0,7.329,0.94,494,42.382,2187,187.63,,,1066,91.456
BEL,Europe,Belgium,1/1/2021,11655923,638760,0,1789.857,19374,0,85.429,54801.323,0,153.558,1662.159,0,7.329,0.94,489,41.953,2081,178.536,,,1065,91.37
BEL,Europe,Belgium,1/2/2021,11655923,638760,0,1789.857,19374,0,85.429,54801.323,0,153.558,1662.159,0,7.329,0.95,481,41.267,2122,182.053,,,1080,92.657
BEL,Europe,Belgium,1/3/2021,11655923,649347,10587,1512.429,19852,478,68.286,55709.616,908.294,129.756,1703.168,41.009,5.858,0.96,468,40.151,2185,187.458,,,1059,90.855
BEL,Europe,Belgium,1/4/2021,11655923,649347,0,1512.429,19852,0,68.286,55709.616,0,129.756,1703.168,0,5.858,0.97,464,39.808,2226,190.976,,,1019,87.423
BEL,Europe,Belgium,1/5/2021,11655923,649347,0,1512.429,19852,0,68.286,55709.616,0,129.756,1703.168,0,5.858,0.99,430,36.891,2130,182.74,,,960,82.362
BEL,Europe,Belgium,1/6/2021,11655923,649347,0,1512.429,19852,0,68.286,55709.616,0,129.756,1703.168,0,5.858,1,404,34.66,2076,178.107,,,946,81.16
BEL,Europe,Belgium,1/7/2021,11655923,649347,0,1512.429,19852,0,68.286,55709.616,0,129.756,1703.168,0,5.858,1,381,32.687,2018,173.131,,,957,82.104
BEL,Europe,Belgium,1/8/2021,11655923,649347,0,1512.429,19852,0,68.286,55709.616,0,129.756,1703.168,0,5.858,1.01,377,32.344,1996,171.243,,,948,81.332
BEL,Europe,Belgium,1/9/2021,11655923,649347,0,1512.429,19852,0,68.286,55709.616,0,129.756,1703.168,0,5.858,1.01,379,32.516,1927,165.324,,,975,83.648
BEL,Europe,Belgium,1/10/2021,11655923,662682,13335,1905,20239,387,55.286,56853.67,1144.054,163.436,1736.37,33.202,4.743,1.01,371,31.829,1955,167.726,,,923,79.187
BEL,Europe,Belgium,1/11/2021,11655923,662682,0,1905,20239,0,55.286,56853.67,0,163.436,1736.37,0,4.743,1.02,378,32.43,2020,173.302,,,907,77.815
BEL,Europe,Belgium,1/12/2021,11655923,662682,0,1905,20239,0,55.286,56853.67,0,163.436,1736.37,0,4.743,1.02,356,30.542,1966,168.67,,,897,76.957
BEL,Europe,Belgium,1/13/2021,11655923,662682,0,1905,20239,0,55.286,56853.67,0,163.436,1736.37,0,4.743,1.02,360,30.886,1943,166.696,,,894,76.699
BEL,Europe,Belgium,1/14/2021,11655923,662682,0,1905,20239,0,55.286,56853.67,0,163.436,1736.37,0,4.743,1.02,346,29.684,1915,164.294,,,871,74.726
BEL,Europe,Belgium,1/15/2021,11655923,662682,0,1905,20239,0,55.286,56853.67,0,163.436,1736.37,0,4.743,1.02,345,29.599,1883,161.549,,,872,74.812
BEL,Europe,Belgium,1/16/2021,11655923,662682,0,1905,20239,0,55.286,56853.67,0,163.436,1736.37,0,4.743,1.02,352,30.199,1828,156.83,,,846,72.581
BEL,Europe,Belgium,1/17/2021,11655923,676044,13362,1908.857,20603,364,52,58000.04,1146.37,163.767,1767.599,31.229,4.461,1.03,367,31.486,1892,162.321,,,840,72.066
BEL,Europe,Belgium,1/18/2021,11655923,676044,0,1908.857,20603,0,52,58000.04,0,163.767,1767.599,0,4.461,1.03,369,31.658,1974,169.356,,,851,73.01
BEL,Europe,Belgium,1/19/2021,11655923,676044,0,1908.857,20603,0,52,58000.04,0,163.767,1767.599,0,4.461,1.03,361,30.971,1960,168.155,,,899,77.128
BEL,Europe,Belgium,1/20/2021,11655923,676044,0,1908.857,20603,0,52,58000.04,0,163.767,1767.599,0,4.461,1.03,337,28.912,1938,166.267,,,901,77.3
BEL,Europe,Belgium,1/21/2021,11655923,676044,0,1908.857,20603,0,52,58000.04,0,163.767,1767.599,0,4.461,1.03,338,28.998,1941,166.525,,,916,78.587
BEL,Europe,Belgium,1/22/2021,11655923,676044,0,1908.857,20603,0,52,58000.04,0,163.767,1767.599,0,4.461,1.04,338,28.998,1923,164.98,,,932,79.959
BEL,Europe,Belgium,1/23/2021,11655923,676044,0,1908.857,20603,0,52,58000.04,0,163.767,1767.599,0,4.461,1.04,327,28.054,1888,161.978,,,964,82.705
BEL,Europe,Belgium,1/24/2021,11655923,690351,14307,2043.857,20963,360,51.429,59227.485,1227.445,175.349,1798.485,30.886,4.412,1.04,322,27.625,1923,164.98,,,991,85.021
BEL,Europe,Belgium,1/25/2021,11655923,690351,0,2043.857,20963,0,51.429,59227.485,0,175.349,1798.485,0,4.412,1.04,325,27.883,1954,167.64,,,978,83.906
BEL,Europe,Belgium,1/26/2021,11655923,690351,0,2043.857,20963,0,51.429,59227.485,0,175.349,1798.485,0,4.412,1.04,322,27.625,1928,165.409,,,944,80.989
BEL,Europe,Belgium,1/27/2021,11655923,690351,0,2043.857,20963,0,51.429,59227.485,0,175.349,1798.485,0,4.412,1.04,313,26.853,1850,158.718,,,921,79.016
BEL,Europe,Belgium,1/28/2021,11655923,690351,0,2043.857,20963,0,51.429,59227.485,0,175.349,1798.485,0,4.412,1.04,323,27.711,1819,156.058,,,911,78.158
BEL,Europe,Belgium,1/29/2021,11655923,690351,0,2043.857,20963,0,51.429,59227.485,0,175.349,1798.485,0,4.412,1.04,315,27.025,1810,155.286,,,872,74.812
BEL,Europe,Belgium,1/30/2021,11655923,690351,0,2043.857,20963,0,51.429,59227.485,0,175.349,1798.485,0,4.412,1.03,315,27.025,1760,150.996,,,866,74.297
BEL,Europe,Belgium,1/31/2021,11655923,706478,16127,2303.857,21308,345,49.286,60611.073,1383.588,197.655,1828.083,29.599,4.228,1.03,315,27.025,1788,153.398,,,837,71.809
BEL,Europe,Belgium,2/1/2021,11655923,706478,0,2303.857,21308,0,49.286,60611.073,0,197.655,1828.083,0,4.228,1.03,325,27.883,1852,158.889,,,873,74.898
BEL,Europe,Belgium,2/2/2021,11655923,706478,0,2303.857,21308,0,49.286,60611.073,0,197.655,1828.083,0,4.228,1.02,311,26.682,1794,153.913,,,862,73.954
BEL,Europe,Belgium,2/3/2021,11655923,706478,0,2303.857,21308,0,49.286,60611.073,0,197.655,1828.083,0,4.228,1.02,310,26.596,1785,153.141,,,883,75.755
BEL,Europe,Belgium,2/4/2021,11655923,706478,0,2303.857,21308,0,49.286,60611.073,0,197.655,1828.083,0,4.228,1.02,306,26.253,1751,150.224,,,886,76.013
BEL,Europe,Belgium,2/5/2021,11655923,706478,0,2303.857,21308,0,49.286,60611.073,0,197.655,1828.083,0,4.228,1.01,304,26.081,1737,149.023,,,911,78.158
BEL,Europe,Belgium,2/6/2021,11655923,706478,0,2303.857,21308,0,49.286,60611.073,0,197.655,1828.083,0,4.228,1.01,292,25.052,1650,141.559,,,897,76.957
BEL,Europe,Belgium,2/7/2021,11655923,721892,15414,2202,21595,287,41,61933.491,1322.418,188.917,1852.706,24.623,3.518,1.01,300,25.738,1678,143.961,,,928,79.616
BEL,Europe,Belgium,2/8/2021,11655923,721892,0,2202,21595,0,41,61933.491,0,188.917,1852.706,0,3.518,1.01,302,25.91,1698,145.677,,,872,74.812
BEL,Europe,Belgium,2/9/2021,11655923,721892,0,2202,21595,0,41,61933.491,0,188.917,1852.706,0,3.518,1.01,308,26.424,1674,143.618,,,893,76.613
BEL,Europe,Belgium,2/10/2021,11655923,721892,0,2202,21595,0,41,61933.491,0,188.917,1852.706,0,3.518,1.01,303,25.995,1652,141.731,,,883,75.755
BEL,Europe,Belgium,2/11/2021,11655923,721892,0,2202,21595,0,41,61933.491,0,188.917,1852.706,0,3.518,1.01,294,25.223,1642,140.873,,,879,75.412
BEL,Europe,Belgium,2/12/2021,11655923,721892,0,2202,21595,0,41,61933.491,0,188.917,1852.706,0,3.518,1.01,295,25.309,1634,140.186,,,867,74.383
BEL,Europe,Belgium,2/13/2021,11655923,721892,0,2202,21595,0,41,61933.491,0,188.917,1852.706,0,3.518,1.02,298,25.566,1567,134.438,,,851,73.01
BEL,Europe,Belgium,2/14/2021,11655923,734535,12643,1806.143,21874,279,39.857,63018.175,1084.685,154.955,1876.642,23.936,3.419,1.02,307,26.339,1598,137.098,,,834,71.552
BEL,Europe,Belgium,2/15/2021,11655923,734535,0,1806.143,21874,0,39.857,63018.175,0,154.955,1876.642,0,3.419,1.03,319,27.368,1632,140.015,,,846,72.581
BEL,Europe,Belgium,2/16/2021,11655923,734535,0,1806.143,21874,0,39.857,63018.175,0,154.955,1876.642,0,3.419,1.03,311,26.682,1600,137.269,,,828,71.037
BEL,Europe,Belgium,2/17/2021,11655923,734535,0,1806.143,21874,0,39.857,63018.175,0,154.955,1876.642,0,3.419,1.04,315,27.025,1610,138.127,,,837,71.809
BEL,Europe,Belgium,2/18/2021,11655923,734535,0,1806.143,21874,0,39.857,63018.175,0,154.955,1876.642,0,3.419,1.05,314,26.939,1588,136.24,,,842,72.238
BEL,Europe,Belgium,2/19/2021,11655923,734535,0,1806.143,21874,0,39.857,63018.175,0,154.955,1876.642,0,3.419,1.06,314,26.939,1607,137.87,,,835,71.637
BEL,Europe,Belgium,2/20/2021,11655923,734535,0,1806.143,21874,0,39.857,63018.175,0,154.955,1876.642,0,3.419,1.06,316,27.111,1567,134.438,,,840,72.066
BEL,Europe,Belgium,2/21/2021,11655923,749215,14680,2097.143,22126,252,36,64277.621,1259.446,179.921,1898.262,21.62,3.089,1.06,329,28.226,1619,138.899,,,837,71.809
BEL,Europe,Belgium,2/22/2021,11655923,749215,0,2097.143,22126,0,36,64277.621,0,179.921,1898.262,0,3.089,1.07,348,29.856,1721,147.65,,,868,74.469
BEL,Europe,Belgium,2/23/2021,11655923,749215,0,2097.143,22126,0,36,64277.621,0,179.921,1898.262,0,3.089,1.07,353,30.285,1711,146.792,,,878,75.327
BEL,Europe,Belgium,2/24/2021,11655923,749215,0,2097.143,22126,0,36,64277.621,0,179.921,1898.262,0,3.089,1.07,362,31.057,1749,150.052,,,887,76.099
BEL,Europe,Belgium,2/25/2021,11655923,749215,0,2097.143,22126,0,36,64277.621,0,179.921,1898.262,0,3.089,1.07,369,31.658,1759,150.91,,,887,76.099
BEL,Europe,Belgium,2/26/2021,11655923,749215,0,2097.143,22126,0,36,64277.621,0,179.921,1898.262,0,3.089,1.07,393,33.717,1838,157.688,,,966,82.876
BEL,Europe,Belgium,2/27/2021,11655923,749215,0,2097.143,22126,0,36,64277.621,0,179.921,1898.262,0,3.089,1.07,397,34.06,1835,157.431,,,1010,86.651
BEL,Europe,Belgium,2/28/2021,11655923,766011,16796,2399.429,22291,165,23.571,65718.605,1440.984,205.855,1912.418,14.156,2.022,1.07,407,34.918,1896,162.664,,,1049,89.997
BEL,Europe,Belgium,3/1/2021,11655923,766011,0,2399.429,22291,0,23.571,65718.605,0,205.855,1912.418,0,2.022,1.07,413,35.433,1937,166.182,,,1041,89.311
BEL,Europe,Belgium,3/2/2021,11655923,766011,0,2399.429,22291,0,23.571,65718.605,0,205.855,1912.418,0,2.022,1.08,426,36.548,1902,163.179,,,1062,91.112
BEL,Europe,Belgium,3/3/2021,11655923,766011,0,2399.429,22291,0,23.571,65718.605,0,205.855,1912.418,0,2.022,1.08,434,37.234,1900,163.007,,,1064,91.284
BEL,Europe,Belgium,3/4/2021,11655923,766011,0,2399.429,22291,0,23.571,65718.605,0,205.855,1912.418,0,2.022,1.09,426,36.548,1905,163.436,,,1093,93.772
BEL,Europe,Belgium,3/5/2021,11655923,766011,0,2399.429,22291,0,23.571,65718.605,0,205.855,1912.418,0,2.022,1.09,433,37.148,1915,164.294,,,1041,89.311
BEL,Europe,Belgium,3/6/2021,11655923,766011,0,2399.429,22291,0,23.571,65718.605,0,205.855,1912.418,0,2.022,1.1,416,35.69,1880,161.291,,,1026,88.024
BEL,Europe,Belgium,3/7/2021,11655923,782344,16333,2333.286,22483,192,27.429,67119.867,1401.262,200.18,1928.891,16.472,2.353,1.1,425,36.462,1938,166.267,,,1021,87.595
BEL,Europe,Belgium,3/8/2021,11655923,782344,0,2333.286,22483,0,27.429,67119.867,0,200.18,1928.891,0,2.353,1.11,436,37.406,1994,171.072,,,1027,88.11
BEL,Europe,Belgium,3/9/2021,11655923,782344,0,2333.286,22483,0,27.429,67119.867,0,200.18,1928.891,0,2.353,1.12,441,37.835,1963,168.412,,,1053,90.34
BEL,Europe,Belgium,3/10/2021,11655923,782344,0,2333.286,22483,0,27.429,67119.867,0,200.18,1928.891,0,2.353,1.12,452,38.779,1943,166.696,,,1055,90.512
BEL,Europe,Belgium,3/11/2021,11655923,782344,0,2333.286,22483,0,27.429,67119.867,0,200.18,1928.891,0,2.353,1.13,448,38.435,1910,163.865,,,1023,87.767
BEL,Europe,Belgium,3/12/2021,11655923,782344,0,2333.286,22483,0,27.429,67119.867,0,200.18,1928.891,0,2.353,1.14,468,40.151,1915,164.294,,,1041,89.311
BEL,Europe,Belgium,3/13/2021,11655923,782344,0,2333.286,22483,0,27.429,67119.867,0,200.18,1928.891,0,2.353,1.14,474,40.666,1905,163.436,,,1095,93.944
BEL,Europe,Belgium,3/14/2021,11655923,802345,20001,2857.286,22657,174,24.857,68835.818,1715.952,245.136,1943.819,14.928,2.133,1.15,485,41.61,2013,172.702,,,1132,97.118
BEL,Europe,Belgium,3/15/2021,11655923,802345,0,2857.286,22657,0,24.857,68835.818,0,245.136,1943.819,0,2.133,1.15,503,43.154,2112,181.195,,,1169,100.292
BEL,Europe,Belgium,3/16/2021,11655923,802345,0,2857.286,22657,0,24.857,68835.818,0,245.136,1943.819,0,2.133,1.16,522,44.784,2085,178.879,,,1175,100.807
BEL,Europe,Belgium,3/17/2021,11655923,802345,0,2857.286,22657,0,24.857,68835.818,0,245.136,1943.819,0,2.133,1.16,534,45.814,2123,182.139,,,1228,105.354
BEL,Europe,Belgium,3/18/2021,11655923,802345,0,2857.286,22657,0,24.857,68835.818,0,245.136,1943.819,0,2.133,1.16,543,46.586,2142,183.769,,,1297,111.274
BEL,Europe,Belgium,3/19/2021,11655923,802345,0,2857.286,22657,0,24.857,68835.818,0,245.136,1943.819,0,2.133,1.16,550,47.186,2153,184.713,,,1309,112.303
BEL,Europe,Belgium,3/20/2021,11655923,802345,0,2857.286,22657,0,24.857,68835.818,0,245.136,1943.819,0,2.133,1.16,557,47.787,2160,185.314,,,1357,116.421
BEL,Europe,Belgium,3/21/2021,11655923,830813,28468,4066.857,22837,180,25.714,71278.182,2442.363,348.909,1959.261,15.443,2.206,1.16,569,48.816,2249,192.949,,,1383,118.652
BEL,Europe,Belgium,3/22/2021,11655923,830813,0,4066.857,22837,0,25.714,71278.182,0,348.909,1959.261,0,2.206,1.15,589,50.532,2372,203.502,,,1434,123.028
BEL,Europe,Belgium,3/23/2021,11655923,830813,0,4066.857,22837,0,25.714,71278.182,0,348.909,1959.261,0,2.206,1.14,601,51.562,2402,206.075,,,1508,129.376
BEL,Europe,Belgium,3/24/2021,11655923,830813,0,4066.857,22837,0,25.714,71278.182,0,348.909,1959.261,0,2.206,1.13,636,54.565,2452,210.365,,,1552,133.151
BEL,Europe,Belgium,3/25/2021,11655923,830813,0,4066.857,22837,0,25.714,71278.182,0,348.909,1959.261,0,2.206,1.12,652,55.937,2493,213.883,,,1586,136.068
BEL,Europe,Belgium,3/26/2021,11655923,830813,0,4066.857,22837,0,25.714,71278.182,0,348.909,1959.261,0,2.206,1.11,667,57.224,2503,214.741,,,1612,138.299
BEL,Europe,Belgium,3/27/2021,11655923,830813,0,4066.857,22837,0,25.714,71278.182,0,348.909,1959.261,0,2.206,1.1,701,60.141,2568,220.317,,,1665,142.846
BEL,Europe,Belgium,3/28/2021,11655923,864483,33670,4810,23024,187,26.714,74166.842,2888.66,412.666,1975.305,16.043,2.292,1.09,712,61.085,2693,231.041,,,1693,145.248
BEL,Europe,Belgium,3/29/2021,11655923,864483,0,4810,23024,0,26.714,74166.842,0,412.666,1975.305,0,2.292,1.07,740,63.487,2820,241.937,,,1691,145.076
BEL,Europe,Belgium,3/30/2021,11655923,864483,0,4810,23024,0,26.714,74166.842,0,412.666,1975.305,0,2.292,1.06,737,63.23,2868,246.055,,,1728,148.251
BEL,Europe,Belgium,3/31/2021,11655923,864483,0,4810,23024,0,26.714,74166.842,0,412.666,1975.305,0,2.292,1.05,756,64.86,2938,252.061,,,1786,153.227
BEL,Europe,Belgium,4/1/2021,11655923,864483,0,4810,23024,0,26.714,74166.842,0,412.666,1975.305,0,2.292,1.03,790,67.777,2959,253.862,,,1834,157.345
BEL,Europe,Belgium,4/2/2021,11655923,864483,0,4810,23024,0,26.714,74166.842,0,412.666,1975.305,0,2.292,1.02,801,68.72,3026,259.611,,,1922,164.895
BEL,Europe,Belgium,4/3/2021,11655923,864483,0,4810,23024,0,26.714,74166.842,0,412.666,1975.305,0,2.292,1.01,821,70.436,2911,249.744,,,1885,161.72
BEL,Europe,Belgium,4/4/2021,11655923,894893,30410,4344.286,23256,232,33.143,76775.816,2608.974,372.711,1995.209,19.904,2.843,1,831,71.294,2923,250.774,,,1843,158.117
BEL,Europe,Belgium,4/5/2021,11655923,894893,0,4344.286,23256,0,33.143,76775.816,0,372.711,1995.209,0,2.843,0.99,866,74.297,3055,262.099,,,1874,160.777
BEL,Europe,Belgium,4/6/2021,11655923,894893,0,4344.286,23256,0,33.143,76775.816,0,372.711,1995.209,0,2.843,0.99,892,76.528,3167,271.707,,,1790,153.57
BEL,Europe,Belgium,4/7/2021,11655923,894893,0,4344.286,23256,0,33.143,76775.816,0,372.711,1995.209,0,2.843,0.98,909,77.986,3164,271.45,,,1814,155.629
BEL,Europe,Belgium,4/8/2021,11655923,894893,0,4344.286,23256,0,33.143,76775.816,0,372.711,1995.209,0,2.843,0.98,911,78.158,3129,268.447,,,1774,152.197
BEL,Europe,Belgium,4/9/2021,11655923,894893,0,4344.286,23256,0,33.143,76775.816,0,372.711,1995.209,0,2.843,0.98,925,79.359,3117,267.418,,,1753,150.396
BEL,Europe,Belgium,4/10/2021,11655923,894893,0,4344.286,23256,0,33.143,76775.816,0,372.711,1995.209,0,2.843,0.98,905,77.643,3022,259.267,,,1749,150.052
BEL,Europe,Belgium,4/11/2021,11655923,919635,24742,3534.571,23557,301,43,78898.514,2122.698,303.243,2021.033,25.824,3.689,0.97,899,77.128,3085,264.672,,,1780,152.712
BEL,Europe,Belgium,4/12/2021,11655923,919635,0,3534.571,23557,0,43,78898.514,0,303.243,2021.033,0,3.689,0.97,919,78.844,3215,275.825,,,1775,152.283
BEL,Europe,Belgium,4/13/2021,11655923,919635,0,3534.571,23557,0,43,78898.514,0,303.243,2021.033,0,3.689,0.97,947,81.246,3130,268.533,,,1807,155.028
BEL,Europe,Belgium,4/14/2021,11655923,919635,0,3534.571,23557,0,43,78898.514,0,303.243,2021.033,0,3.689,0.96,941,80.731,3049,261.584,,,1691,145.076
BEL,Europe,Belgium,4/15/2021,11655923,919635,0,3534.571,23557,0,43,78898.514,0,303.243,2021.033,0,3.689,0.96,930,79.788,3032,260.125,,,1680,144.133
BEL,Europe,Belgium,4/16/2021,11655923,919635,0,3534.571,23557,0,43,78898.514,0,303.243,2021.033,0,3.689,0.96,923,79.187,3015,258.667,,,1654,141.902
BEL,Europe,Belgium,4/17/2021,11655923,919635,0,3534.571,23557,0,43,78898.514,0,303.243,2021.033,0,3.689,0.96,923,79.187,2910,249.658,,,1644,141.044
BEL,Europe,Belgium,4/18/2021,11655923,944043,24408,3486.857,23832,275,39.286,80992.556,2094.043,299.149,2044.626,23.593,3.37,0.96,931,79.874,3000,257.38,,,1643,140.958
BEL,Europe,Belgium,4/19/2021,11655923,944043,0,3486.857,23832,0,39.286,80992.556,0,299.149,2044.626,0,3.37,0.96,946,81.16,3140,269.391,,,1628,139.671
BEL,Europe,Belgium,4/20/2021,11655923,944043,0,3486.857,23832,0,39.286,80992.556,0,299.149,2044.626,0,3.37,0.96,926,79.445,3103,266.217,,,1664,142.76
BEL,Europe,Belgium,4/21/2021,11655923,944043,0,3486.857,23832,0,39.286,80992.556,0,299.149,2044.626,0,3.37,0.95,935,80.217,3078,264.072,,,1691,145.076
BEL,Europe,Belgium,4/22/2021,11655923,944043,0,3486.857,23832,0,39.286,80992.556,0,299.149,2044.626,0,3.37,0.95,910,78.072,2989,256.436,,,1683,144.39
BEL,Europe,Belgium,4/23/2021,11655923,944043,0,3486.857,23832,0,39.286,80992.556,0,299.149,2044.626,0,3.37,0.95,901,77.3,2943,252.49,,,1656,142.074
BEL,Europe,Belgium,4/24/2021,11655923,944043,0,3486.857,23832,0,39.286,80992.556,0,299.149,2044.626,0,3.37,0.94,886,76.013,2846,244.168,,,1639,140.615
BEL,Europe,Belgium,4/25/2021,11655923,969078,25035,3576.429,24104,272,38.857,83140.391,2147.835,306.834,2067.961,23.336,3.334,0.94,886,76.013,2883,247.342,,,1600,137.269
BEL,Europe,Belgium,4/26/2021,11655923,969078,0,3576.429,24104,0,38.857,83140.391,0,306.834,2067.961,0,3.334,0.93,892,76.528,2951,253.176,,,1546,132.636
BEL,Europe,Belgium,4/27/2021,11655923,969078,0,3576.429,24104,0,38.857,83140.391,0,306.834,2067.961,0,3.334,0.93,892,76.528,2858,245.197,,,1474,126.459
BEL,Europe,Belgium,4/28/2021,11655923,969078,0,3576.429,24104,0,38.857,83140.391,0,306.834,2067.961,0,3.334,0.93,888,76.184,2809,240.993,,,1440,123.542
BEL,Europe,Belgium,4/29/2021,11655923,969078,0,3576.429,24104,0,38.857,83140.391,0,306.834,2067.961,0,3.334,0.93,864,74.125,2776,238.162,,,1415,121.398
BEL,Europe,Belgium,4/30/2021,11655923,969078,0,3576.429,24104,0,38.857,83140.391,0,306.834,2067.961,0,3.334,0.92,855,73.353,2707,232.242,,,1384,118.738
BEL,Europe,Belgium,5/1/2021,11655923,969078,0,3576.429,24104,0,38.857,83140.391,0,306.834,2067.961,0,3.334,0.92,824,70.694,2593,222.462,,,1351,115.907
BEL,Europe,Belgium,5/2/2021,11655923,990424,21346,3049.429,24377,273,39,84971.735,1831.344,261.621,2091.383,23.422,3.346,0.92,825,70.779,2648,227.181,,,1350,115.821
BEL,Europe,Belgium,5/3/2021,11655923,990424,0,3049.429,24377,0,39,84971.735,0,261.621,2091.383,0,3.346,0.92,831,71.294,2760,236.789,,,1347,115.564
BEL,Europe,Belgium,5/4/2021,11655923,990424,0,3049.429,24377,0,39,84971.735,0,261.621,2091.383,0,3.346,0.92,795,68.206,2605,223.492,,,1307,112.132
BEL,Europe,Belgium,5/5/2021,11655923,990424,0,3049.429,24377,0,39,84971.735,0,261.621,2091.383,0,3.346,0.91,757,64.946,2481,212.853,,,1261,108.185
BEL,Europe,Belgium,5/6/2021,11655923,990424,0,3049.429,24377,0,39,84971.735,0,261.621,2091.383,0,3.346,0.91,744,63.83,2402,206.075,,,1200,102.952
BEL,Europe,Belgium,5/7/2021,11655923,990424,0,3049.429,24377,0,39,84971.735,0,261.621,2091.383,0,3.346,0.91,727,62.372,2307,197.925,,,1172,100.55
BEL,Europe,Belgium,5/8/2021,11655923,990424,0,3049.429,24377,0,39,84971.735,0,261.621,2091.383,0,3.346,0.91,707,60.656,2167,185.914,,,1141,97.89
BEL,Europe,Belgium,5/9/2021,11655923,1011304,20880,2982.857,24624,247,35.286,86763.099,1791.364,255.909,2112.574,21.191,3.027,0.9,702,60.227,2172,186.343,,,1139,97.719
BEL,Europe,Belgium,5/10/2021,11655923,1011304,0,2982.857,24624,0,35.286,86763.099,0,255.909,2112.574,0,3.027,0.89,710,60.913,2253,193.292,,,1120,96.088
BEL,Europe,Belgium,5/11/2021,11655923,1011304,0,2982.857,24624,0,35.286,86763.099,0,255.909,2112.574,0,3.027,0.89,686,58.854,2108,180.852,,,1095,93.944
BEL,Europe,Belgium,5/12/2021,11655923,1011304,0,2982.857,24624,0,35.286,86763.099,0,255.909,2112.574,0,3.027,0.88,660,56.624,2025,173.731,,,1079,92.571
BEL,Europe,Belgium,5/13/2021,11655923,1011304,0,2982.857,24624,0,35.286,86763.099,0,255.909,2112.574,0,3.027,0.88,644,55.251,1912,164.037,,,1078,92.485
BEL,Europe,Belgium,5/14/2021,11655923,1011304,0,2982.857,24624,0,35.286,86763.099,0,255.909,2112.574,0,3.027,0.88,643,55.165,1917,164.466,,,1017,87.252
BEL,Europe,Belgium,5/15/2021,11655923,1011304,0,2982.857,24624,0,35.286,86763.099,0,255.909,2112.574,0,3.027,0.88,621,53.278,1804,154.771,,,1021,87.595
BEL,Europe,Belgium,5/16/2021,11655923,1026533,15229,2175.571,24803,179,25.571,88069.645,1306.546,186.649,2127.931,15.357,2.194,0.88,619,53.106,1802,154.6,,,967,82.962
BEL,Europe,Belgium,5/17/2021,11655923,1026533,0,2175.571,24803,0,25.571,88069.645,0,186.649,2127.931,0,2.194,0.88,613,52.591,1857,159.318,,,932,79.959
BEL,Europe,Belgium,5/18/2021,11655923,1026533,0,2175.571,24803,0,25.571,88069.645,0,186.649,2127.931,0,2.194,0.88,595,51.047,1753,150.396,,,897,76.957
BEL,Europe,Belgium,5/19/2021,11655923,1026533,0,2175.571,24803,0,25.571,88069.645,0,186.649,2127.931,0,2.194,0.88,589,50.532,1702,146.02,,,890,76.356
BEL,Europe,Belgium,5/20/2021,11655923,1026533,0,2175.571,24803,0,25.571,88069.645,0,186.649,2127.931,0,2.194,0.88,562,48.216,1640,140.701,,,867,74.383
BEL,Europe,Belgium,5/21/2021,11655923,1026533,0,2175.571,24803,0,25.571,88069.645,0,186.649,2127.931,0,2.194,0.87,540,46.328,1600,137.269,,,892,76.528
BEL,Europe,Belgium,5/22/2021,11655923,1026533,0,2175.571,24803,0,25.571,88069.645,0,186.649,2127.931,0,2.194,0.87,544,46.672,1491,127.918,,,847,72.667
BEL,Europe,Belgium,5/23/2021,11655923,1043318,16785,2397.857,24943,140,20,89509.685,1440.04,205.72,2139.942,12.011,1.716,0.86,542,46.5,1501,128.776,,,830,71.208
BEL,Europe,Belgium,5/24/2021,11655923,1043318,0,2397.857,24943,0,20,89509.685,0,205.72,2139.942,0,1.716,0.85,542,46.5,1532,131.435,,,807,69.235
BEL,Europe,Belgium,5/25/2021,11655923,1043318,0,2397.857,24943,0,20,89509.685,0,205.72,2139.942,0,1.716,0.84,531,45.556,1547,132.722,,,766,65.718
BEL,Europe,Belgium,5/26/2021,11655923,1043318,0,2397.857,24943,0,20,89509.685,0,205.72,2139.942,0,1.716,0.84,508,43.583,1463,125.516,,,735,63.058
BEL,Europe,Belgium,5/27/2021,11655923,1043318,0,2397.857,24943,0,20,89509.685,0,205.72,2139.942,0,1.716,0.84,491,42.125,1366,117.194,,,705,60.484
BEL,Europe,Belgium,5/28/2021,11655923,1043318,0,2397.857,24943,0,20,89509.685,0,205.72,2139.942,0,1.716,0.84,469,40.237,1290,110.673,,,661,56.709
BEL,Europe,Belgium,5/29/2021,11655923,1043318,0,2397.857,24943,0,20,89509.685,0,205.72,2139.942,0,1.716,0.83,451,38.693,1206,103.467,,,630,54.05
BEL,Europe,Belgium,5/30/2021,11655923,1055987,12669,1809.857,25038,95,13.571,90596.601,1086.915,155.274,2148.092,8.15,1.164,0.82,442,37.921,1219,104.582,,,611,52.42
BEL,Europe,Belgium,5/31/2021,11655923,1055987,0,1809.857,25038,0,13.571,90596.601,0,155.274,2148.092,0,1.164,0.81,439,37.663,1232,105.697,,,591,50.704
BEL,Europe,Belgium,6/1/2021,11655923,1055987,0,1809.857,25038,0,13.571,90596.601,0,155.274,2148.092,0,1.164,0.81,404,34.66,1159,99.434,,,593,50.875
BEL,Europe,Belgium,6/2/2021,11655923,1055987,0,1809.857,25038,0,13.571,90596.601,0,155.274,2148.092,0,1.164,0.8,378,32.43,1124,96.432,,,564,48.387
BEL,Europe,Belgium,6/3/2021,11655923,1055987,0,1809.857,25038,0,13.571,90596.601,0,155.274,2148.092,0,1.164,0.79,365,31.315,1063,91.198,,,548,47.015
BEL,Europe,Belgium,6/4/2021,11655923,1055987,0,1809.857,25038,0,13.571,90596.601,0,155.274,2148.092,0,1.164,0.79,342,29.341,1007,86.394,,,539,46.243
BEL,Europe,Belgium,6/5/2021,11655923,1055987,0,1809.857,25038,0,13.571,90596.601,0,155.274,2148.092,0,1.164,0.79,337,28.912,978,83.906,,,523,44.87
BEL,Europe,Belgium,6/6/2021,11655923,1065729,9742,1391.714,25137,99,14.143,91432.399,835.798,119.4,2156.586,8.494,1.213,0.78,331,28.398,967,82.962,,,500,42.897
BEL,Europe,Belgium,6/7/2021,11655923,1065729,0,1391.714,25137,0,14.143,91432.399,0,119.4,2156.586,0,1.213,0.77,336,28.827,968,83.048,,,486,41.696
BEL,Europe,Belgium,6/8/2021,11655923,1065729,0,1391.714,25137,0,14.143,91432.399,0,119.4,2156.586,0,1.213,0.77,319,27.368,888,76.184,,,467,40.065
BEL,Europe,Belgium,6/9/2021,11655923,1065729,0,1391.714,25137,0,14.143,91432.399,0,119.4,2156.586,0,1.213,0.77,309,26.51,852,73.096,,,451,38.693
BEL,Europe,Belgium,6/10/2021,11655923,1065729,0,1391.714,25137,0,14.143,91432.399,0,119.4,2156.586,0,1.213,0.77,302,25.91,817,70.093,,,424,36.376
BEL,Europe,Belgium,6/11/2021,11655923,1065729,0,1391.714,25137,0,14.143,91432.399,0,119.4,2156.586,0,1.213,0.77,300,25.738,770,66.061,,,397,34.06
BEL,Europe,Belgium,6/12/2021,11655923,1065729,0,1391.714,25137,0,14.143,91432.399,0,119.4,2156.586,0,1.213,0.77,285,24.451,721,61.857,,,366,31.4
BEL,Europe,Belgium,6/13/2021,11655923,1071437,5708,815.429,25197,60,8.571,91922.107,489.708,69.958,2161.734,5.148,0.735,0.78,274,23.507,702,60.227,,,345,29.599
BEL,Europe,Belgium,6/14/2021,11655923,1071437,0,815.429,25197,0,8.571,91922.107,0,69.958,2161.734,0,0.735,0.78,276,23.679,723,62.029,,,343,29.427
BEL,Europe,Belgium,6/15/2021,11655923,1071437,0,815.429,25197,0,8.571,91922.107,0,69.958,2161.734,0,0.735,0.78,256,21.963,651,55.851,,,315,27.025
BEL,Europe,Belgium,6/16/2021,11655923,1071437,0,815.429,25197,0,8.571,91922.107,0,69.958,2161.734,0,0.735,0.79,247,21.191,592,50.79,,,277,23.765
BEL,Europe,Belgium,6/17/2021,11655923,1071437,0,815.429,25197,0,8.571,91922.107,0,69.958,2161.734,0,0.735,0.81,234,20.076,552,47.358,,,262,22.478
BEL,Europe,Belgium,6/18/2021,11655923,1071437,0,815.429,25197,0,8.571,91922.107,0,69.958,2161.734,0,0.735,0.83,212,18.188,492,42.21,,,244,20.934
BEL,Europe,Belgium,6/19/2021,11655923,1071437,0,815.429,25197,0,8.571,91922.107,0,69.958,2161.734,0,0.735,0.85,203,17.416,458,39.293,,,232,19.904
BEL,Europe,Belgium,6/20/2021,11655923,1074629,3192,456,25241,44,6.286,92195.959,273.852,39.122,2165.508,3.775,0.539,0.87,204,17.502,459,39.379,,,235,20.161
BEL,Europe,Belgium,6/21/2021,11655923,1074629,0,456,25241,0,6.286,92195.959,0,39.122,2165.508,0,0.539,0.88,206,17.673,471,40.409,,,222,19.046
BEL,Europe,Belgium,6/22/2021,11655923,1074629,0,456,25241,0,6.286,92195.959,0,39.122,2165.508,0,0.539,0.91,184,15.786,450,38.607,,,201,17.244
BEL,Europe,Belgium,6/23/2021,11655923,1074629,0,456,25241,0,6.286,92195.959,0,39.122,2165.508,0,0.539,0.93,183,15.7,439,37.663,,,203,17.416
BEL,Europe,Belgium,6/24/2021,11655923,1074629,0,456,25241,0,6.286,92195.959,0,39.122,2165.508,0,0.539,0.95,175,15.014,422,36.205,,,200,17.159
BEL,Europe,Belgium,6/25/2021,11655923,1074629,0,456,25241,0,6.286,92195.959,0,39.122,2165.508,0,0.539,0.98,157,13.47,382,32.773,,,186,15.958
BEL,Europe,Belgium,6/26/2021,11655923,1074629,0,456,25241,0,6.286,92195.959,0,39.122,2165.508,0,0.539,1,149,12.783,347,29.77,,,177,15.185
BEL,Europe,Belgium,6/27/2021,11655923,1077022,2393,341.857,25273,32,4.571,92401.262,205.303,29.329,2168.254,2.745,0.392,1.02,150,12.869,338,28.998,,,161,13.813
BEL,Europe,Belgium,6/28/2021,11655923,1077022,0,341.857,25273,0,4.571,92401.262,0,29.329,2168.254,0,0.392,1.05,147,12.612,339,29.084,,,149,12.783
BEL,Europe,Belgium,6/29/2021,11655923,1077022,0,341.857,25273,0,4.571,92401.262,0,29.329,2168.254,0,0.392,1.07,143,12.268,328,28.14,,,143,12.268
BEL,Europe,Belgium,6/30/2021,11655923,1077022,0,341.857,25273,0,4.571,92401.262,0,29.329,2168.254,0,0.392,1.09,134,11.496,303,25.995,,,128,10.982
BEL,Europe,Belgium,7/1/2021,11655923,1077022,0,341.857,25273,0,4.571,92401.262,0,29.329,2168.254,0,0.392,1.11,126,10.81,274,23.507,,,105,9.008
BEL,Europe,Belgium,7/2/2021,11655923,1077022,0,341.857,25273,0,4.571,92401.262,0,29.329,2168.254,0,0.392,1.14,123,10.553,272,23.336,,,112,9.609
BEL,Europe,Belgium,7/3/2021,11655923,1077022,0,341.857,25273,0,4.571,92401.262,0,29.329,2168.254,0,0.392,1.16,115,9.866,252,21.62,,,105,9.008
BEL,Europe,Belgium,7/4/2021,11655923,1080646,3624,517.714,25295,22,3.143,92712.177,310.915,44.416,2170.141,1.887,0.27,1.19,113,9.695,258,22.135,,,109,9.351
BEL,Europe,Belgium,7/5/2021,11655923,1080646,0,517.714,25295,0,3.143,92712.177,0,44.416,2170.141,0,0.27,1.22,112,9.609,256,21.963,,,105,9.008
BEL,Europe,Belgium,7/6/2021,11655923,1080646,0,517.714,25295,0,3.143,92712.177,0,44.416,2170.141,0,0.27,1.24,101,8.665,251,21.534,,,111,9.523
BEL,Europe,Belgium,7/7/2021,11655923,1080646,0,517.714,25295,0,3.143,92712.177,0,44.416,2170.141,0,0.27,1.26,99,8.494,256,21.963,,,125,10.724
BEL,Europe,Belgium,7/8/2021,11655923,1080646,0,517.714,25295,0,3.143,92712.177,0,44.416,2170.141,0,0.27,1.26,96,8.236,252,21.62,,,125,10.724
BEL,Europe,Belgium,7/9/2021,11655923,1080646,0,517.714,25295,0,3.143,92712.177,0,44.416,2170.141,0,0.27,1.27,93,7.979,240,20.59,,,123,10.553
BEL,Europe,Belgium,7/10/2021,11655923,1080646,0,517.714,25295,0,3.143,92712.177,0,44.416,2170.141,0,0.27,1.27,87,7.464,227,19.475,,,122,10.467
BEL,Europe,Belgium,7/11/2021,11655923,1087263,6617,945.286,25308,13,1.857,93279.872,567.694,81.099,2171.257,1.115,0.159,1.28,83,7.121,230,19.732,,,118,10.124
BEL,Europe,Belgium,7/12/2021,11655923,1087263,0,945.286,25308,0,1.857,93279.872,0,81.099,2171.257,0,0.159,1.29,89,7.636,234,20.076,,,122,10.467
BEL,Europe,Belgium,7/13/2021,11655923,1087263,0,945.286,25308,0,1.857,93279.872,0,81.099,2171.257,0,0.159,1.28,90,7.721,241,20.676,,,126,10.81
BEL,Europe,Belgium,7/14/2021,11655923,1087263,0,945.286,25308,0,1.857,93279.872,0,81.099,2171.257,0,0.159,1.28,82,7.035,241,20.676,,,120,10.295
BEL,Europe,Belgium,7/15/2021,11655923,1087263,0,945.286,25308,0,1.857,93279.872,0,81.099,2171.257,0,0.159,1.27,86,7.378,253,21.706,,,142,12.183
BEL,Europe,Belgium,7/16/2021,11655923,1087263,0,945.286,25308,0,1.857,93279.872,0,81.099,2171.257,0,0.159,1.26,81,6.949,240,20.59,,,149,12.783
BEL,Europe,Belgium,7/17/2021,11655923,1087263,0,945.286,25308,0,1.857,93279.872,0,81.099,2171.257,0,0.159,1.26,81,6.949,242,20.762,,,161,13.813
BEL,Europe,Belgium,7/18/2021,11655923,1096647,9384,1340.571,25320,12,1.714,94084.956,805.084,115.012,2172.286,1.03,0.147,1.25,88,7.55,248,21.277,,,169,14.499
BEL,Europe,Belgium,7/19/2021,11655923,1096647,0,1340.571,25320,0,1.714,94084.956,0,115.012,2172.286,0,0.147,1.25,84,7.207,267,22.907,,,181,15.529
BEL,Europe,Belgium,7/20/2021,11655923,1096647,0,1340.571,25320,0,1.714,94084.956,0,115.012,2172.286,0,0.147,1.24,87,7.464,266,22.821,,,183,15.7
BEL,Europe,Belgium,7/21/2021,11655923,1096647,0,1340.571,25320,0,1.714,94084.956,0,115.012,2172.286,0,0.147,1.24,85,7.292,280,24.022,,,189,16.215
BEL,Europe,Belgium,7/22/2021,11655923,1096647,0,1340.571,25320,0,1.714,94084.956,0,115.012,2172.286,0,0.147,1.24,83,7.121,289,24.794,,,188,16.129
BEL,Europe,Belgium,7/23/2021,11655923,1096647,0,1340.571,25320,0,1.714,94084.956,0,115.012,2172.286,0,0.147,1.23,84,7.207,274,23.507,,,188,16.129
BEL,Europe,Belgium,7/24/2021,11655923,1096647,0,1340.571,25320,0,1.714,94084.956,0,115.012,2172.286,0,0.147,1.23,89,7.636,271,23.25,,,194,16.644
BEL,Europe,Belgium,7/25/2021,11655923,1107036,10389,1484.143,25331,11,1.571,94976.262,891.307,127.33,2173.23,0.944,0.135,1.23,94,8.065,288,24.708,,,201,17.244
BEL,Europe,Belgium,7/26/2021,11655923,1107036,0,1484.143,25331,0,1.571,94976.262,0,127.33,2173.23,0,0.135,1.22,97,8.322,305,26.167,,,199,17.073
BEL,Europe,Belgium,7/27/2021,11655923,1107036,0,1484.143,25331,0,1.571,94976.262,0,127.33,2173.23,0,0.135,1.22,94,8.065,308,26.424,,,208,17.845